Card Name,Set,,#,Rarity,Lang,Year,Version / Notes,Art Type,Artwork,Owned
ヒトカゲ,Expansion Pack,,004,C,JPN,1996,No Rarity,Non-Holo,Base Set,-
ヒトカゲ,Expansion Pack,,004,C,JPN,1996,,Non-Holo,Base Set,-
ヒトカゲ,Rocket Gang,,004,C,JPN,1997,,Non-Holo,Team Rocket,-
ヒトカゲ,Vending Machine Extended Sheet 1,,004,C,JPN,1998,"Rarity, Glossy",Non-Holo,Vending,-
ヒトカゲ,Quick Starter Gift Set,,004,-,JPN,1998,No Rarity,Non-Holo,Vending,-
カツラのヒトカゲ,Challenge from the Darkness,,004,C,JPN,1998,,Non-Holo,Gym Heroes,-
Charmander,Base Set,,58/102,C,ENG,1999,1st Edition,Non-Holo,Base Set,-
Glumanda,Base Set,,58/102,C,GER,1999,1st Edition,Non-Holo,Base Set,-
Salamèche,Base Set,,58/102,C,FRE,1999,1st Edition,Non-Holo,Base Set,-
Charmander,Base Set,,58/102,C,ITA,1999,1st Edition,Non-Holo,Base Set,-
Charmander,Base Set,,58/102,C,SPA,1999,1st Edition,Non-Holo,Base Set,-
Charmander,Base Set,,58/102,C,POR,1999,1st Edition,Non-Holo,Base Set,-
Charmander,Base Set,,58/102,C,DUT,1999,1st Edition,Non-Holo,Base Set,-
파이리,Base Set,,58/102,C,KOR,1999,1st Edition,Non-Holo,Base Set,-
小火龍,Base Set,,58/102,C,TCHI,1999,1st Edition,Non-Holo,Base Set,-
Charmander,Base Set,,58/102,C,ENG,1999,Shadowless,Non-Holo,Base Set,-
Charmander,Base Set,,58/102,C,ENG,1999,,Non-Holo,Base Set,-
Glumanda,Base Set,,58/102,C,GER,1999,,Non-Holo,Base Set,-
Salamèche,Base Set,,58/102,C,FRE,1999,,Non-Holo,Base Set,-
Charmander,Base Set,,58/102,C,ITA,1999,,Non-Holo,Base Set,-
Charmander,Base Set,,58/102,C,SPA,1999,,Non-Holo,Base Set,-
Charmander,Base Set,,58/102,C,POR,1999,,Non-Holo,Base Set,-
Charmander,Base Set,,58/102,C,DUT,1999,,Non-Holo,Base Set,-
파이리,Base Set,,58/102,C,KOR,1999,,Non-Holo,Base Set,-
小火龍,Base Set,,58/102,C,TCHI,1999,,Non-Holo,Base Set,-
ヒトカゲ,Pokémon Snap Best Photo Contest,,004,-,JPN,1999,,Non-Holo,Pokémon Snap,I
カツラのヒトカゲ,Guren Town Gym,,004,C,JPN,1999,,Non-Holo,Gym Challenge,-
Charmander,Base Set,,58/102,C,SPA,2000,1st Edition ©1999-2000,Non-Holo,Base Set,-
Charmander,Base Set,,58/102,C,ENG,2000,©1999-2000,Non-Holo,Base Set,-
Charmander,Base Set,,58/102,C,SPA,2000,©1999-2000,Non-Holo,Base Set,-
Charmander,Base Set 2,,69/130,C,ENG,2000,,Non-Holo,Base Set,-
Charmander,Team Rocket,,50/82,C,ENG,2000,1st Edition,Non-Holo,Team Rocket,-
Glumanda,Team Rocket,,50/82,C,GER,2000,1st Edition,Non-Holo,Team Rocket,-
Salamèche,Team Rocket,,50/82,C,FRE,2000,1st Edition,Non-Holo,Team Rocket,-
Charmander,Team Rocket,,50/82,C,ITA,2000,1st Edition,Non-Holo,Team Rocket,-
Charmander,Team Rocket,,50/82,C,ENG,2000,,Non-Holo,Team Rocket,-
Glumanda,Team Rocket,,50/82,C,GER,2000,,Non-Holo,Team Rocket,-
Salamèche,Team Rocket,,50/82,C,FRE,2000,,Non-Holo,Team Rocket,-
Charmander,Team Rocket,,50/82,C,ITA,2000,,Non-Holo,Team Rocket,-
Blaine's Charmander,Gym Heroes,,61/132,C,ENG,2000,1st Edition,Non-Holo,Gym Heroes,-
Blaine's Charmander,Gym Heroes,,61/132,C,ENG,2000,,Non-Holo,Gym Heroes,-
Blaine's Charmander,Gym Challenge,,60/132,C,ENG,2000,1st Edition,Non-Holo,Gym Challenge,-
Blaine's Charmander,Gym Challenge,,60/132,C,ENG,2000,,Non-Holo,Gym Challenge,-
ヒトカゲ,Pokémon-e Starter Deck,,009/029,-,JPN,2001,1st Edition,Non-Holo,Expedition 97,-
ヒトカゲ,Pokémon-e Starter Deck,,009/029,-,JPN,2001,,Non-Holo,Expedition 97,-
ヒトカゲ,Pokémon-e Starter Deck,,010/029,-,JPN,2001,1st Edition,Non-Holo,Expedition 98,-
ヒトカゲ,Pokémon-e Starter Deck,,010/029,-,JPN,2001,,Non-Holo,Expedition 98,-
Charmander,Legendary Collection,,70/110,C,ENG,2002,,Non-Holo,Base Set,-
Charmander,Legendary Collection,,70/110,C,ENG,2002,,Reverse Holo,Base Set,-
Charmander,Expedition Base Set,,97/165,C,ENG,2002,,Non-Holo,Expedition 97,-
Glumanda,Expedition Base Set,,97/165,C,GER,2002,,Non-Holo,Expedition 97,-
Salamèche,Expedition Base Set,,97/165,C,FRE,2002,,Non-Holo,Expedition 97,-
Charmander,Expedition Base Set,,97/165,C,ITA,2002,,Non-Holo,Expedition 97,-
Charmander,Expedition Base Set,,97/165,C,ENG,2002,,Reverse Holo,Expedition 97,-
Glumanda,Expedition Base Set,,97/165,C,GER,2002,,Reverse Holo,Expedition 97,-
Salamèche,Expedition Base Set,,97/165,C,FRE,2002,,Reverse Holo,Expedition 97,-
Charmander,Expedition Base Set,,97/165,C,ITA,2002,,Reverse Holo,Expedition 97,-
Charmander,Expedition Base Set,,98/165,C,ENG,2002,,Non-Holo,Expedition 98,-
Glumanda,Expedition Base Set,,98/165,C,GER,2002,,Non-Holo,Expedition 98,-
Salamèche,Expedition Base Set,,98/165,C,FRE,2002,,Non-Holo,Expedition 98,-
Charmander,Expedition Base Set,,98/165,C,ITA,2002,,Non-Holo,Expedition 98,-
Charmander,Expedition Base Set,,98/165,C,ENG,2002,,Reverse Holo,Expedition 98,-
Glumanda,Expedition Base Set,,98/165,C,GER,2002,,Reverse Holo,Expedition 98,-
Salamèche,Expedition Base Set,,98/165,C,FRE,2002,,Reverse Holo,Expedition 98,-
Charmander,Expedition Base Set,,98/165,C,ITA,2002,,Reverse Holo,Expedition 98,-
ヒトカゲ,McDonald's Pokémon-e Minimum Pack,,004/018,-,JPN,2002,,Holo,McDonalds-e,-
Charmander,EX Dragon,,98/97,SR,ENG,2003,,Holo,EX Dragon,-
Glumanda,EX Dragon,,98/97,SR,GER,2003,,Holo,EX Dragon,-
Salamèche,EX Dragon,,98/97,SR,FRE,2003,,Holo,EX Dragon,-
Charmander,EX Dragon,,98/97,SR,ITA,2003,,Holo,EX Dragon,-
ヒトカゲ,Gift Box: Latias Half Deck,,001/018,-,JPN,2003,,Non-Holo,EX Dragon,-
Charmander,EX Dragon,,98/97,SR,ENG,2004,City Championships stamp,Holo,EX Dragon,-
Charmander,EX FireRed & LeafGreen,,113/112,SR,ENG,2004,,Holo,FR & LG Secret,-
Glumanda,EX FireRed & LeafGreen,,113/112,SR,GER,2004,,Holo,FR & LG Secret,-
Salamèche,EX FireRed & LeafGreen,,113/112,SR,FRE,2004,,Holo,FR & LG Secret,-
Charmander,EX FireRed & LeafGreen,,113/112,SR,ITA,2004,,Holo,FR & LG Secret,-
ヒトカゲ,ADV-P Promotional cards,,052/ADV-P,-,JPN,2004,,Holo,FR & LG Secret,-
Charmander,EX FireRed & LeafGreen,,57/112,C,ENG,2004,Code FT9-P20-FTR,Non-Holo,FR & LG 57,-
Charmander,EX FireRed & LeafGreen,,57/112,C,ENG,2004,Code FT9-P20-HJ9,Non-Holo,FR & LG 57,-
Charmander,EX FireRed & LeafGreen,,57/112,C,ENG,2004,Code FT9-P20-5E5,Non-Holo,FR & LG 57,-
Glumanda,EX FireRed & LeafGreen,,57/112,C,GER,2004,Code FT9-P20-FTR,Non-Holo,FR & LG 57,-
Glumanda,EX FireRed & LeafGreen,,57/112,C,GER,2004,Code FT9-P20-HJ9,Non-Holo,FR & LG 57,-
Glumanda,EX FireRed & LeafGreen,,57/112,C,GER,2004,Code FT9-P20-5E5,Non-Holo,FR & LG 57,-
Salamèche,EX FireRed & LeafGreen,,57/112,C,FRE,2004,Code FT9-P20-FTR,Non-Holo,FR & LG 57,-
Salamèche,EX FireRed & LeafGreen,,57/112,C,FRE,2004,Code FT9-P20-HJ9,Non-Holo,FR & LG 57,-
Salamèche,EX FireRed & LeafGreen,,57/112,C,FRE,2004,Code FT9-P20-5E5,Non-Holo,FR & LG 57,-
Charmander,EX FireRed & LeafGreen,,57/112,C,ITA,2004,Code FT9-P20-FTR,Non-Holo,FR & LG 57,-
Charmander,EX FireRed & LeafGreen,,57/112,C,ITA,2004,Code FT9-P20-HJ9,Non-Holo,FR & LG 57,-
Charmander,EX FireRed & LeafGreen,,57/112,C,ITA,2004,Code FT9-P20-5E5,Non-Holo,FR & LG 57,-
ヒトカゲ,Charizard Random Constructed Starter Deck,,009/052,-,JPN,2004,1st Edition,Non-Holo,FR & LG 57,-
ヒトカゲ,Charizard Random Constructed Starter Deck,,009/052,-,JPN,2004,,Non-Holo,FR & LG 57,-
Charmander,EX FireRed & LeafGreen,,57/112,C,ENG,2004,,Reverse Holo,FR & LG 57,-
Glumanda,EX FireRed & LeafGreen,,57/112,C,GER,2004,,Reverse Holo,FR & LG 57,-
Salamèche,EX FireRed & LeafGreen,,57/112,C,FRE,2004,,Reverse Holo,FR & LG 57,-
Charmander,EX FireRed & LeafGreen,,57/112,C,ITA,2004,,Reverse Holo,FR & LG 57,-
Charmander,EX FireRed & LeafGreen,,58/112,C,ENG,2004,Code CCF-B8B-6J9,Non-Holo,FR & LG 58,-
Charmander,EX FireRed & LeafGreen,,58/112,C,ENG,2004,Code CCF-B8B-AE5,Non-Holo,FR & LG 58,-
Charmander,EX FireRed & LeafGreen,,58/112,C,ENG,2004,Code CCF-B8B-E7Z,Non-Holo,FR & LG 58,-
Glumanda,EX FireRed & LeafGreen,,58/112,C,GER,2004,Code CCF-B8B-6J9,Non-Holo,FR & LG 58,-
Glumanda,EX FireRed & LeafGreen,,58/112,C,GER,2004,Code CCF-B8B-AE5,Non-Holo,FR & LG 58,-
Glumanda,EX FireRed & LeafGreen,,58/112,C,GER,2004,Code CCF-B8B-E7Z,Non-Holo,FR & LG 58,-
Salamèche,EX FireRed & LeafGreen,,58/112,C,FRE,2004,Code CCF-B8B-6J9,Non-Holo,FR & LG 58,-
Salamèche,EX FireRed & LeafGreen,,58/112,C,FRE,2004,Code CCF-B8B-AE5,Non-Holo,FR & LG 58,-
Salamèche,EX FireRed & LeafGreen,,58/112,C,FRE,2004,Code CCF-B8B-E7Z,Non-Holo,FR & LG 58,-
Charmander,EX FireRed & LeafGreen,,58/112,C,ITA,2004,Code CCF-B8B-6J9,Non-Holo,FR & LG 58,-
Charmander,EX FireRed & LeafGreen,,58/112,C,ITA,2004,Code CCF-B8B-AE5,Non-Holo,FR & LG 58,-
Charmander,EX FireRed & LeafGreen,,58/112,C,ITA,2004,Code CCF-B8B-E7Z,Non-Holo,FR & LG 58,-
ヒトカゲ,Charizard Random Constructed Starter Deck,,010/052,-,JPN,2004,1st Edition,Non-Holo,FR & LG 58,-
ヒトカゲ,Charizard Random Constructed Starter Deck,,010/052,-,JPN,2004,,Non-Holo,FR & LG 58,-
Charmander,EX FireRed & LeafGreen,,57/112,C,ENG,2004,,Reverse Holo,FR & LG 58,-
Glumanda,EX FireRed & LeafGreen,,58/112,C,GER,2004,,Reverse Holo,FR & LG 58,-
Salamèche,EX FireRed & LeafGreen,,58/112,C,FRE,2004,,Reverse Holo,FR & LG 58,-
Charmander,EX FireRed & LeafGreen,,58/112,C,ITA,2004,,Reverse Holo,FR & LG 58,-
Charmander,EX Trainer Kit: Minun Half Deck,,2/12,-,ENG,2006,,Non-Holo,FR & LG 58,-
Glumanda,EX Trainer Kit: Minun Half Deck,,2/12,-,GER,2006,,Non-Holo,FR & LG 58,-
Salamèche,EX Trainer Kit: Minun Half Deck,,2/12,-,FRE,2006,,Non-Holo,FR & LG 58,-
Charmander,EX Trainer Kit: Minun Half Deck,,2/12,-,ITA,2006,,Non-Holo,FR & LG 58,-
小火龍,EX Trainer Kit: Minun Half Deck,,2/12,-,TCHI,2006,,Non-Holo,FR & LG 58,-
Charmander,EX Crystal Guardians,,48/100,C,ENG,2006,,Non-Holo,Crystal Guardians 48,x
Glumanda,EX Crystal Guardians,,48/100,C,GER,2006,,Non-Holo,Crystal Guardians 48,-
Salamèche,EX Crystal Guardians,,48/100,C,FRE,2006,,Non-Holo,Crystal Guardians 48,-
Charmander,EX Crystal Guardians,,48/100,C,ITA,2006,,Non-Holo,Crystal Guardians 48,-
ヒトカゲ,Miracle Crystal,,011/075,C,JPN,2006,1st Edition,Non-Holo,Crystal Guardians 48,-
ヒトカゲ,Miracle Crystal,,011/075,C,JPN,2006,,Non-Holo,Crystal Guardians 48,-
Charmander,EX Crystal Guardians,,48/100,C,ENG,2006,,Reverse Holo,Crystal Guardians 48,-
Glumanda,EX Crystal Guardians,,48/100,C,GER,2006,,Reverse Holo,Crystal Guardians 48,-
Salamèche,EX Crystal Guardians,,48/100,C,FRE,2006,,Reverse Holo,Crystal Guardians 48,-
Charmander,EX Crystal Guardians,,48/100,C,ITA,2006,,Reverse Holo,Crystal Guardians 48,-
Charmander δ,EX Crystal Guardians,,49/100,C,ENG,2006,,Non-Holo,Crystal Guardians 49,-
Glumanda δ,EX Crystal Guardians,,49/100,C,GER,2006,,Non-Holo,Crystal Guardians 49,-
Salamèche δ,EX Crystal Guardians,,49/100,C,FRE,2006,,Non-Holo,Crystal Guardians 49,-
Charmander δ,EX Crystal Guardians,,49/100,C,ITA,2006,,Non-Holo,Crystal Guardians 49,-
ヒトカゲδ,Earth's Groudon ex Constructed Starter Deck,,004/016,-,JPN,2006,1st Edition,Non-Holo,Crystal Guardians 49,-
ヒトカゲδ,Earth's Groudon ex Constructed Starter Deck,,004/016,-,JPN,2006,,Non-Holo,Crystal Guardians 49,-
Charmander δ,EX Crystal Guardians,,49/100,C,ENG,2006,,Reverse Holo,Crystal Guardians 49,-
Glumanda δ,EX Crystal Guardians,,49/100,C,GER,2006,,Reverse Holo,Crystal Guardians 49,-
Salamèche δ,EX Crystal Guardians,,49/100,C,FRE,2006,,Reverse Holo,Crystal Guardians 49,-
Charmander δ,EX Crystal Guardians,,49/100,C,ITA,2006,,Reverse Holo,Crystal Guardians 49,-
ヒトカゲδ,PCG-P Promotional cards,,132/PCG-P,-,JPN,2007,,Non-Holo,POP Series 5,-
Charmander δ,POP Series 5,,10/17,C,ENG,2007,,Non-Holo,POP Series 5,-
Glumanda δ,POP Series 5,,10/17,C,GER,2007,,Non-Holo,POP Series 5,-
Charmander δ,POP Series 5,,10/17,C,ITA,2007,,Non-Holo,POP Series 5,-
Charmander,EX Power Keepers,,48/108,C,ENG,2007,,Non-Holo,Power Keepers,x
Glumanda,EX Power Keepers,,48/108,C,GER,2007,,Non-Holo,Power Keepers,-
Salamèche,EX Power Keepers,,48/108,C,FRE,2007,,Non-Holo,Power Keepers,-
ヒトカゲ,World Champions Pack,,006/108,C,JPN,2007,1st Edition,Non-Holo,Power Keepers,-
ヒトカゲ,World Champions Pack,,006/108,C,JPN,2007,,Non-Holo,Power Keepers,-
Charmander,EX Power Keepers,,48/108,C,ENG,2007,,Reverse Holo,Power Keepers,-
Glumanda,EX Power Keepers,,48/108,C,GER,2007,,Reverse Holo,Power Keepers,-
Salamèche,EX Power Keepers,,48/108,C,FRE,2007,,Reverse Holo,Power Keepers,-
Charmander,Secret Wonders,,82/132,C,ENG,2007,,Non-Holo,Secret Wonders,-
Glumanda,Secret Wonders,,82/132,C,GER,2007,,Non-Holo,Secret Wonders,-
Salamèche,Secret Wonders,,82/132,C,FRE,2007,,Non-Holo,Secret Wonders,-
Charmander,Secret Wonders,,82/132,C,ITA,2007,,Non-Holo,Secret Wonders,-
Charmander,Secret Wonders,,82/132,C,SPA,2007,,Non-Holo,Secret Wonders,-
Charmander,Secret Wonders,,82/132,C,POR,2007,,Non-Holo,Secret Wonders,-
ヒトカゲ,Shining Darkness,,BPDP#004,C,JPN,2007,1st Edition,Non-Holo,Secret Wonders,-
ヒトカゲ,Shining Darkness,,BPDP#004,C,JPN,2007,,Non-Holo,Secret Wonders,-
파이리,Guardians of Ancient Times,,05/40,C,KOR,2007,,Non-Holo,Secret Wonders,-
Charmander,Secret Wonders,,82/132,C,ENG,2007,,Reverse Holo,Secret Wonders,-
Glumanda,Secret Wonders,,82/132,C,GER,2007,,Reverse Holo,Secret Wonders,-
Salamèche,Secret Wonders,,82/132,C,FRE,2007,,Reverse Holo,Secret Wonders,-
Charmander,Stormfront,,101/100,SR,ENG,2008,,Holo,Stormfront,-
Glumanda,Stormfront,,101/100,SR,GER,2008,,Holo,Stormfront,-
Salamèche,Stormfront,,101/100,SR,FRE,2008,,Holo,Stormfront,-
Charmander,Stormfront,,101/100,SR,ITA,2008,,Holo,Stormfront,-
Charmander,Stormfront,,101/100,SR,SPA,2008,,Holo,Stormfront,-
ヒトカゲ,Intense Fight in the Destroyed Sky,,090/092,RC,JPN,2008,1st Edition,Holo,Stormfront,-
ヒトカゲ,Intense Fight in the Destroyed Sky,,090/092,RC,JPN,2008,,Holo,Stormfront,-
ヒトカゲ,DP-P Promotional cards,,124/DP-P,-,JPN,2008,,Non-Holo,DP Promo,-
Charmander,Arceus,,59/99,C,ENG,2009,,Non-Holo,Arceus,-
Glumanda,Arceus,,59/99,C,GER,2009,,Non-Holo,Arceus,-
Charmander,Arceus,,59/99,C,ITA,2009,,Non-Holo,Arceus,-
ヒトカゲ,Advent of Arceus,Pt4,015/090,C,JPN,2009,1st Edition,Non-Holo,Arceus,-
ヒトカゲ,Advent of Arceus,Pt4,015/090,C,JPN,2009,,Non-Holo,Arceus,-
Charmander,Arceus,,59/99,C,ENG,2009,,Reverse Holo,Arceus,-
Glumanda,Arceus,,59/99,C,GER,2009,,Reverse Holo,Arceus,-
Charmander,Arceus,,59/99,C,ITA,2009,,Reverse Holo,Arceus,-
Charmander,Boundaries Crossed,,18/149,C,ENG,2012,,Non-Holo,Boundaries Crossed,-
Glumanda,Boundaries Crossed,,18/149,C,GER,2012,,Non-Holo,Boundaries Crossed,-
Salamèche,Boundaries Crossed,,18/149,C,FRE,2012,,Non-Holo,Boundaries Crossed,-
Charmander,Boundaries Crossed,,18/149,C,ITA,2012,,Non-Holo,Boundaries Crossed,-
Charmander,Boundaries Crossed,,18/149,C,SPA,2012,,Non-Holo,Boundaries Crossed,-
Charmander,Boundaries Crossed,,18/149,C,POR,2012,,Non-Holo,Boundaries Crossed,-
ヒトカゲ,Freeze Bolt,BW6,010/059,C,JPN,2012,1st Edition,Non-Holo,Boundaries Crossed,-
ヒトカゲ,Freeze Bolt,BW6,010/059,C,JPN,2012,,Non-Holo,Boundaries Crossed,-
파이리,Freeze Bolt,BW6,010/059,C,KOR,2012,,Non-Holo,Boundaries Crossed,-
Charmander,Boundaries Crossed,,18/149,C,ENG,2012,,Reverse Holo,Boundaries Crossed,-
Glumanda,Boundaries Crossed,,18/149,C,GER,2012,,Reverse Holo,Boundaries Crossed,-
Salamèche,Boundaries Crossed,,18/149,C,FRE,2012,,Reverse Holo,Boundaries Crossed,-
Charmander,Boundaries Crossed,,18/149,C,ITA,2012,,Reverse Holo,Boundaries Crossed,-
Charmander,Boundaries Crossed,,18/149,C,SPA,2012,,Reverse Holo,Boundaries Crossed,-
ヒトカゲ,BW-P Promotional cards,,165/BW-P,-,JPN,2012,,Non-Holo,BWP Promo,-
Charmander,Legendary Treasures,,17/113,C,ENG,2013,,Non-Holo,Legendary Treasures,-
ヒトカゲ,EX Battle Boost,EBB,009/093,C,JPN,2013,1st Edition,Non-Holo,Legendary Treasures,-
ヒトカゲ,EX Battle Boost,EBB,009/093,C,JPN,2013,,Non-Holo,Legendary Treasures,-
파이리,EX Battle Boost,EBB,009/093,C,KOR,2013,,Non-Holo,Legendary Treasures,-
Charmander,Legendary Treasures,,17/113,C,ENG,2013,,Reverse Holo,Legendary Treasures,-
ヒトカゲ,EX Battle Boost,EBB,009/093,C,JPN,2013,1st Edition,Reverse Holo,Legendary Treasures,-
ヒトカゲ,EX Battle Boost,EBB,009/093,C,JPN,2013,,Reverse Holo,Legendary Treasures,-
파이리,EX Battle Boost,EBB,009/093,C,KOR,2013,,Reverse Holo,Legendary Treasures,-
Charmander,Evolutions,,9/108,C,ENG,2016,,Non-Holo,Base Set,-
Glumanda,Evolutions,,9/108,C,GER,2016,,Non-Holo,Base Set,-
Salamèche,Evolutions,,9/108,C,FRE,2016,,Non-Holo,Base Set,-
Charmander,Evolutions,,9/108,C,ITA,2016,,Non-Holo,Base Set,-
Charmander,Evolutions,,9/108,C,SPA,2016,,Non-Holo,Base Set,-
ヒトカゲ,Expansion Pack 20th Anniversary,CP6,009/087,C,JPN,2016,1st Edition,Non-Holo,Base Set,-
파이리,Expansion Pack 20th Anniversary,CP6,009/100,C,KOR,2016,,Non-Holo,Base Set,-
Charmander,Evolutions,,9/108,C,ENG,2016,,Reverse Holo,Base Set,-
Glumanda,Evolutions,,9/108,C,GER,2016,,Reverse Holo,Base Set,-
Salamèche,Evolutions,,9/108,C,FRE,2016,,Reverse Holo,Base Set,-
Charmander,Evolutions,,9/108,C,ITA,2016,,Reverse Holo,Base Set,-
Charmander,Evolutions,,9/108,C,SPA,2016,,Reverse Holo,Base Set,-
Charmander,Evolutions,,9/108,C,ENG,2016,Toys R Us stamp,Holo,Base Set,-
Salamèche,Evolutions,,9/108,C,FRE,2016,Toys R Us stamp,Holo,Base Set,-
Charmander,Legendary Treasures,,17/113,C,ENG,2016,Build-a-Bear stamp,Non-Holo,Legendary Treasures,-
Charmander,Generations,,RC3/RC32,C,ENG,2016,,Non-Holo,Generations,x
Glumanda,Generations,,RC3/RC32,C,GER,2016,,Non-Holo,Generations,-
Salamèche,Generations,,RC3/RC32,C,FRE,2016,,Non-Holo,Generations,-
Charmander,Generations,,RC3/RC32,C,ITA,2016,,Non-Holo,Generations,-
Charmander,Generations,,RC3/RC32,C,SPA,2016,,Non-Holo,Generations,-
Charmander,Generations,,RC3/RC32,C,POR,2016,,Non-Holo,Generations,-
ヒトカゲ,PokéKyun Collection,CP3,003/032,C,JPN,2016,1st Edition,Reverse Holo,Generations,-
파이리,PokéKyun Collection,CP3,003/032,C,KOR,2016,,Non-Holo,Generations,-
Charmander,Burning Shadows,,18/147,C,ENG,2017,,Non-Holo,Burning Shadows 18,-
Glumanda,Burning Shadows,,18/147,C,GER,2017,,Non-Holo,Burning Shadows 18,-
Salamèche,Burning Shadows,,18/147,C,FRE,2017,,Non-Holo,Burning Shadows 18,-
Charmander,Burning Shadows,,18/147,C,ITA,2017,,Non-Holo,Burning Shadows 18,-
Charmander,Burning Shadows,,18/147,C,SPA,2017,,Non-Holo,Burning Shadows 18,-
Charmander,Burning Shadows,,18/147,C,POR,2017,,Non-Holo,Burning Shadows 18,-
ヒトカゲ,To Have Seen the Battle Rainbow,SM3H,009/051,C,JPN,2017,,Non-Holo,Burning Shadows 18,-
파이리,To Have Seen the Battle Rainbow,SM3H,009/051,C,KOR,2017,,Non-Holo,Burning Shadows 18,-
Charmander,Burning Shadows,,18/147,C,ENG,2017,,Reverse Holo,Burning Shadows 18,-
Glumanda,Burning Shadows,,18/147,C,GER,2017,,Reverse Holo,Burning Shadows 18,-
Salamèche,Burning Shadows,,18/147,C,FRE,2017,,Reverse Holo,Burning Shadows 18,-
Charmander,Burning Shadows,,18/147,C,ITA,2017,,Reverse Holo,Burning Shadows 18,-
Charmander,Burning Shadows,,18/147,C,SPA,2017,,Reverse Holo,Burning Shadows 18,-
Charmander,Burning Shadows,,18/147,C,POR,2017,,Reverse Holo,Burning Shadows 18,-
Charmander,Burning Shadows,,18/147,C,ENG,2017,Charizard-GX Collection,Holo,Burning Shadows 18,-
Glumanda,Burning Shadows,,18/147,C,GER,2017,Charizard-GX Collection,Holo,Burning Shadows 18,-
Salamèche,Burning Shadows,,18/147,C,FRE,2017,Charizard-GX Collection,Holo,Burning Shadows 18,-
Charmander,Burning Shadows,,18/147,C,ITA,2017,Charizard-GX Collection,Holo,Burning Shadows 18,-
Charmander,Burning Shadows,,18/147,C,SPA,2017,Charizard-GX Collection,Holo,Burning Shadows 18,-
Charmander,Burning Shadows,,18/147,C,POR,2017,Charizard-GX Collection,Holo,Burning Shadows 18,-
ヒトカゲ,SM-P Promotional cards,PROMO,112/SM-P,-,JPN,2017,Pokémon Center stamp,Non-Holo,Burning Shadows 18,-
ヒトカゲ,SM-P Promotional cards,PROMO,060/SM-P,-,JPN,2017,,Holo,Burning Shadows 18a,-
ヒトカゲ,Fire Charizard-GX Starter Deck,SMH,011/131,-,JPN,2018,,Non-Holo,Burning Shadows 18,-
Salamèche,McDonald's Collection 2018,,4/40,C,FRE,2018,,Non-Holo,Burning Shadows 18,-
Salamèche,McDonald's Collection 2018,,4/40,C,FRE,2018,Confetti Holo,Reverse Holo,Burning Shadows 18,-
Charmander,Burning Shadows,,18a/147,-,ENG,2018,Sidekick Collection Cosmos Holo,Holo,Burning Shadows 18a,-
Charmander,Dragon Majesty,,1/70,C,ENG,2018,,Non-Holo,Dragon Majesty,-
Glumanda,Dragon Majesty,,1/70,C,GER,2018,,Non-Holo,Dragon Majesty,-
Salamèche,Dragon Majesty,,1/70,C,FRE,2018,,Non-Holo,Dragon Majesty,-
Charmander,Dragon Majesty,,1/70,C,ITA,2018,,Non-Holo,Dragon Majesty,-
Charmander,Dragon Majesty,,1/70,C,SPA,2018,,Non-Holo,Dragon Majesty,-
Charmander,Dragon Majesty,,1/70,C,POR,2018,,Non-Holo,Dragon Majesty,-
ヒトカゲ,Dragon Storm,SM6a,001/053,C,JPN,2018,,Non-Holo,Dragon Majesty,-
파이리,Dragon Storm,SM6a,001/053,C,KOR,2018,,Non-Holo,Dragon Majesty,-
Charmander,Dragon Majesty,,1/70,C,ENG,2018,,Reverse Holo,Dragon Majesty,-
Glumanda,Dragon Majesty,,1/70,C,GER,2018,,Reverse Holo,Dragon Majesty,-
Salamèche,Dragon Majesty,,1/70,C,FRE,2018,,Reverse Holo,Dragon Majesty,-
Charmander,Dragon Majesty,,1/70,C,ITA,2018,,Reverse Holo,Dragon Majesty,-
Charmander,Dragon Majesty,,1/70,C,SPA,2018,,Reverse Holo,Dragon Majesty,-
Charmander,Dragon Majesty,,1/70,C,POR,2018,,Reverse Holo,Dragon Majesty,-
파이리,Dragon Storm,SM6a,001/053,C,KOR,2018,,Reverse Holo,Dragon Majesty,-
ヒトカゲ,GX Ultra Shiny,SM8b,166/150,SHR,JPN,2018,,Shiny Holo,Shiny Vault,-
파이리,GX Ultra Shiny,SM8b,166/150,SHR,KOR,2018,,Shiny Holo,Shiny Vault,-
ヒトカゲ,Tag Bolt,SM9,010/095,C,JPN,2018,,Non-Holo,Team Up 11,-
파이리,Tag Bolt,SM9,010/095,C,KOR,2018,,Non-Holo,Team Up 11,-
ヒトカゲ,Tag Bolt,SM9,011/095,C,JPN,2018,,Non-Holo,Team Up 12,-
파이리,Tag Bolt,SM9,011/095,C,KOR,2018,,Non-Holo,Team Up 12,-
小火龍,All Stars Collection Set A,AC1a,030/158,C,TCHI,2019,,Non-Holo,Burning Shadows 18,-
ฮิโตคาเงะ,First Impact Set A,AS1a,035/150,C,THA,2019,,Non-Holo,Burning Shadows 18,-
Charmander,First Impact Set A,AS1a,035/150,C,IND,2019,,Non-Holo,Burning Shadows 18,-
파이리,Tag Team GX Power Up Box,SMN,001/043,C,KOR,2019,,Non-Holo,Burning Shadows 18,-
小火龍,All Stars Collection GX Starter Deck,AC1D,017/157,-,TCHI,2019,,Non-Holo,Burning Shadows 18,-
ฮิโตคาเงะ,First Impact GX Starter Deck,AS1D,014/140,-,THA,2019,,Non-Holo,Burning Shadows 18,-
Charmander,First Impact GX Starter Deck,AS1D,014/140,-,IND,2019,,Non-Holo,Burning Shadows 18,-
Charmander,Burning Shadows,,18a/147,-,ENG,2019,General Mills Sequin Holo,Holo,Burning Shadows 18a,-
ฮิโตคาเงะ,First Impact Set A,AS1a,036/150,C,THA,2019,,Non-Holo,Burning Shadows 18a,-
Charmander,First Impact Set A,AS1a,036/150,C,IND,2019,,Non-Holo,Burning Shadows 18a,-
Charmander,SM-P Promotional cards,PROMO,015/SM-P,-,IND,2019,,Non-Holo,Burning Shadows 18a,-
小火龍,Dreams Come True Collection Set B,AC2b,002/200,C,TCHI,2019,,Non-Holo,Dragon Majesty,-
ฮิโตคาเงะ,Hidden Shadow Set A,AS3a,042/183,C,THA,2019,,Non-Holo,Dragon Majesty,-
Charmander,Hidden Shadow Set A,AS3a,042/183,C,IND,2019,,Non-Holo,Dragon Majesty,-
Charmander,Hidden Shadow GX Starter Deck,AS3Di,017/146,-,IND,2019,,Non-Holo,Dragon Majesty,-
Salamèche,McDonald's Collection 2019,,9/40,C,FRE,2019,,Non-Holo,Dragon Majesty,-
Salamèche,McDonald's Collection 2019,,9/40,C,FRE,2019,,Holo,Dragon Majesty,-
Charmander,Hidden Fates,,SV6/SV94,SHR,ENG,2019,,Shiny Holo,Shiny Vault,-
Glumanda,Hidden Fates,,SV6/SV94,SHR,GER,2019,,Shiny Holo,Shiny Vault,-
Salamèche,Hidden Fates,,SV6/SV94,SHR,FRE,2019,,Shiny Holo,Shiny Vault,-
Charmander,Hidden Fates,,SV6/SV94,SHR,ITA,2019,,Shiny Holo,Shiny Vault,-
Charmander,Hidden Fates,,SV6/SV94,SHR,SPA,2019,,Shiny Holo,Shiny Vault,-
Charmander,Hidden Fates,,SV6/SV94,SHR,POR,2019,,Shiny Holo,Shiny Vault,-
小火龍,Dreams Come True Collection Set B,AC2b,204/200,SHR,TCHI,2019,,Shiny Holo,Shiny Vault,-
Charmander,Team Up,,11/181,C,ENG,2019,,Non-Holo,Team Up 11,-
Glumanda,Team Up,,11/181,C,GER,2019,,Non-Holo,Team Up 11,-
Salamèche,Team Up,,11/181,C,FRE,2019,,Non-Holo,Team Up 11,-
Charmander,Team Up,,11/181,C,ITA,2019,,Non-Holo,Team Up 11,-
Charmander,Team Up,,11/181,C,SPA,2019,,Non-Holo,Team Up 11,-
Charmander,Team Up,,11/181,C,POR,2019,,Non-Holo,Team Up 11,-
Charmander,Team Up,,11/181,C,ENG,2019,,Reverse Holo,Team Up 11,-
Glumanda,Team Up,,11/181,C,GER,2019,,Reverse Holo,Team Up 11,-
Salamèche,Team Up,,11/181,C,FRE,2019,,Reverse Holo,Team Up 11,-
Charmander,Team Up,,11/181,C,ITA,2019,,Reverse Holo,Team Up 11,-
Charmander,Team Up,,11/181,C,SPA,2019,,Reverse Holo,Team Up 11,-
Charmander,Team Up,,11/181,C,POR,2019,,Reverse Holo,Team Up 11,-
Charmander,Team Up,,12/181,C,ENG,2019,,Non-Holo,Team Up 12,-
Glumanda,Team Up,,12/181,C,GER,2019,,Non-Holo,Team Up 12,-
Salamèche,Team Up,,12/181,C,FRE,2019,,Non-Holo,Team Up 12,-
Charmander,Team Up,,12/181,C,ITA,2019,,Non-Holo,Team Up 12,-
Charmander,Team Up,,12/181,C,SPA,2019,,Non-Holo,Team Up 12,-
Charmander,Team Up,,12/181,C,POR,2019,,Non-Holo,Team Up 12,-
Charmander,Team Up,,12/181,C,ENG,2019,,Reverse Holo,Team Up 12,-
Glumanda,Team Up,,12/181,C,GER,2019,,Reverse Holo,Team Up 12,-
Salamèche,Team Up,,12/181,C,FRE,2019,,Reverse Holo,Team Up 12,-
Charmander,Team Up,,12/181,C,ITA,2019,,Reverse Holo,Team Up 12,-
Charmander,Team Up,,12/181,C,SPA,2019,,Reverse Holo,Team Up 12,-
Charmander,Team Up,,12/181,C,POR,2019,,Reverse Holo,Team Up 12,-
Charmander,Detective Pikachu,,4/18,C,ENG,2019,,Holo,Detective Pikachu,-
Glumanda,Detective Pikachu,,4/18,C,GER,2019,,Holo,Detective Pikachu,-
Salamèche,Detective Pikachu,,4/18,C,FRE,2019,,Holo,Detective Pikachu,-
Charmander,Detective Pikachu,,4/18,C,ITA,2019,,Holo,Detective Pikachu,-
Charmander,Detective Pikachu,,4/18,C,SPA,2019,,Holo,Detective Pikachu,-
Charmander,Detective Pikachu,,4/18,C,POR,2019,,Holo,Detective Pikachu,-
ヒトカゲ,Great Detective Pikachu,SMP2,005/024,C,JPN,2019,,Reverse Holo,Detective Pikachu,-
파이리,Detective Pikachu,SMP2,004/018,C,KOR,2019,,Non-Holo,Detective Pikachu,-
파이리,Detective Pikachu,SMP2,004/018,C,KOR,2019,,Reverse Holo,Detective Pikachu,-
Charmander,Hidden Fates,,7/68,C,ENG,2019,,Non-Holo,Hidden Fates,-
Glumanda,Hidden Fates,,7/68,C,GER,2019,,Non-Holo,Hidden Fates,-
Salamèche,Hidden Fates,,7/68,C,FRE,2019,,Non-Holo,Hidden Fates,-
Charmander,Hidden Fates,,7/68,C,ITA,2019,,Non-Holo,Hidden Fates,-
Charmander,Hidden Fates,,7/68,C,SPA,2019,,Non-Holo,Hidden Fates,-
Charmander,Hidden Fates,,7/68,C,POR,2019,,Non-Holo,Hidden Fates,-
ヒトカゲ,Family Pokémon Card Game,SML,007/051,-,JPN,2019,,Non-Holo,Hidden Fates,-
파이리,Family Pokémon Card Game,SML,007/051,-,KOR,2019,,Non-Holo,Hidden Fates,-
Charmander,Hidden Fates,,7/68,C,ENG,2019,,Reverse Holo,Hidden Fates,-
Glumanda,Hidden Fates,,7/68,C,GER,2019,,Reverse Holo,Hidden Fates,-
Salamèche,Hidden Fates,,7/68,C,FRE,2019,,Reverse Holo,Hidden Fates,-
Charmander,Hidden Fates,,7/68,C,ITA,2019,,Reverse Holo,Hidden Fates,-
Charmander,Hidden Fates,,7/68,C,SPA,2019,,Reverse Holo,Hidden Fates,-
Charmander,Hidden Fates,,7/68,C,POR,2019,,Reverse Holo,Hidden Fates,-
파이리,Random Half Deck,SM30A,009/080,-,KOR,2019,,Non-Holo,Hidden Fates,-
Charmander,Burning Shadows,,18/147,C,ENG,2020,Battle Academy #1,Non-Holo,Burning Shadows 18,-
Glumanda,Burning Shadows,,18/147,C,GER,2020,Battle Academy #1,Non-Holo,Burning Shadows 18,-
Salamèche,Burning Shadows,,18/147,C,FRE,2020,Battle Academy #1,Non-Holo,Burning Shadows 18,-
Charmander,Burning Shadows,,18/147,C,ITA,2020,Battle Academy #1,Non-Holo,Burning Shadows 18,-
Charmander,Burning Shadows,,18/147,C,ENG,2020,Battle Academy #16,Non-Holo,Burning Shadows 18,-
Glumanda,Burning Shadows,,18/147,C,GER,2020,Battle Academy #16,Non-Holo,Burning Shadows 18,-
Salamèche,Burning Shadows,,18/147,C,FRE,2020,Battle Academy #16,Non-Holo,Burning Shadows 18,-
Charmander,Burning Shadows,,18/147,C,ITA,2020,Battle Academy #16,Non-Holo,Burning Shadows 18,-
Charmander,Burning Shadows,,18/147,C,ENG,2020,Battle Academy #42,Non-Holo,Burning Shadows 18,-
Glumanda,Burning Shadows,,18/147,C,GER,2020,Battle Academy #42,Non-Holo,Burning Shadows 18,-
Salamèche,Burning Shadows,,18/147,C,FRE,2020,Battle Academy #42,Non-Holo,Burning Shadows 18,-
Charmander,Burning Shadows,,18/147,C,ITA,2020,Battle Academy #42,Non-Holo,Burning Shadows 18,-
Charmander,Burning Shadows,,18/147,C,ENG,2020,Battle Academy #56,Non-Holo,Burning Shadows 18,-
Glumanda,Burning Shadows,,18/147,C,GER,2020,Battle Academy #56,Non-Holo,Burning Shadows 18,-
Salamèche,Burning Shadows,,18/147,C,FRE,2020,Battle Academy #56,Non-Holo,Burning Shadows 18,-
Charmander,Burning Shadows,,18/147,C,ITA,2020,Battle Academy #56,Non-Holo,Burning Shadows 18,-
小火龍,Double Burst Set B,AS5b,003/186,C,TCHI,2020,,Non-Holo,Team Up 11,-
ฮิโตคาเงะ,Double Burst Set B,AS5b,003/186,C,THA,2020,,Non-Holo,Team Up 11,-
小火龍,Double Burst GX Starter Deck,AS5D,013/169,-,TCHI,2020,,Non-Holo,Team Up 11,-
ฮิโตคาเงะ,Double Burst GX Starter Deck,AS5D,013/169,-,THA,2020,,Non-Holo,Team Up 11,-
Charmander,Tag Team Collection GX Starter Deck,AC3D,019/172,-,IND,2020,,Non-Holo,Team Up 11,-
小火龍,Double Burst Set B,AS5b,004/186,C,TCHI,2020,,Non-Holo,Team Up 12,-
ฮิโตคาเงะ,Double Burst Set B,AS5b,004/186,C,THA,2020,,Non-Holo,Team Up 12,-
Charmander,Vivid Voltage,,023/185,C,ENG,2020,,Non-Holo,Vivid Voltage,-
Glumanda,Vivid Voltage,,023/185,C,GER,2020,,Non-Holo,Vivid Voltage,-
Salamèche,Vivid Voltage,,023/185,C,FRE,2020,,Non-Holo,Vivid Voltage,-
Charmander,Vivid Voltage,,023/185,C,ITA,2020,,Non-Holo,Vivid Voltage,-
Charmander,Vivid Voltage,,023/185,C,SPA,2020,,Non-Holo,Vivid Voltage,-
Charmander,Vivid Voltage,,023/185,C,POR,2020,,Non-Holo,Vivid Voltage,-
ヒトカゲ,Amazing Volt Tackle,S4,010/100,C,JPN,2020,,Non-Holo,Vivid Voltage,-
파이리,Amazing Volt Tackle,S4,010/100,C,KOR,2020,,Non-Holo,Vivid Voltage,-
小火龍,Amazing Volt Tackle,S4 F,010/100,C,TCHI,2020,,Non-Holo,Vivid Voltage,-
Charmander,Vivid Voltage,,023/185,C,ENG,2020,,Reverse Holo,Vivid Voltage,-
Glumanda,Vivid Voltage,,023/185,C,GER,2020,,Reverse Holo,Vivid Voltage,-
Salamèche,Vivid Voltage,,023/185,C,FRE,2020,,Reverse Holo,Vivid Voltage,-
Charmander,Vivid Voltage,,023/185,C,ITA,2020,,Reverse Holo,Vivid Voltage,-
Charmander,Vivid Voltage,,023/185,C,SPA,2020,,Reverse Holo,Vivid Voltage,-
Charmander,Vivid Voltage,,023/185,C,POR,2020,,Reverse Holo,Vivid Voltage,-
ヒトカゲ,S-P Promotional Cards,PROMO,112/S-P,-,JPN,2020,Gym Logo,Non-Holo,SWSH Promo 092,-
파이리,S-P Promotional Cards,PROMO,066/S-P,-,KOR,2020,,Non-Holo,SWSH Promo 092,-
小火龍,S-P Promotional Cards,PROMO,029/S-P,-,TCHI,2020,Gym Logo,Non-Holo,SWSH Promo 092,-
Charmander,Kanto First Partners Pack,,58/102,-,ENG,2021,Jumbo,Non-Holo,Base Set,-
Glumanda,Kanto First Partners Pack,,58/102,-,GER,2021,Jumbo,Non-Holo,Base Set,-
Salamèche,Kanto First Partners Pack,,58/102,-,FRE,2021,Jumbo,Non-Holo,Base Set,-
Charmander,Kanto First Partners Pack,,58/102,-,ITA,2021,Jumbo,Non-Holo,Base Set,-
Charmander,Kanto First Partners Pack,,58/102,-,POR,2021,Jumbo,Non-Holo,Base Set,-
ヒトカゲ,World Champions Pack,,006/108,C,JPN,2021,25th Anniversary Creatures Deck,Holo,Power Keepers,-
Charmander,McDonald's Collection 2021,,9/25,-,ENG,2021,,Non-Holo,Burning Shadows 18,-
Glumanda,McDonald's Collection 2021,,9/25,-,GER,2021,,Non-Holo,Burning Shadows 18,-
Salamèche,McDonald's Collection 2021,,9/25,-,FRE,2021,,Non-Holo,Burning Shadows 18,-
Charmander,McDonald's Collection 2021,,9/25,-,ITA,2021,,Non-Holo,Burning Shadows 18,-
Charmander,McDonald's Collection 2021,,9/25,-,SPA,2021,,Non-Holo,Burning Shadows 18,-
Charmander,McDonald's Collection 2021,,9/25,-,POR,2021,,Non-Holo,Burning Shadows 18,-
Charmander,McDonald's Collection 2021,,9/25,-,ENG,2021,,Holo,Burning Shadows 18,-
Glumanda,McDonald's Collection 2021,,9/25,-,GER,2021,,Holo,Burning Shadows 18,-
Salamèche,McDonald's Collection 2021,,9/25,-,FRE,2021,,Holo,Burning Shadows 18,-
Charmander,McDonald's Collection 2021,,9/25,-,ITA,2021,,Holo,Burning Shadows 18,-
Charmander,McDonald's Collection 2021,,9/25,-,SPA,2021,,Holo,Burning Shadows 18,-
Charmander,McDonald's Collection 2021,,9/25,-,POR,2021,,Holo,Burning Shadows 18,-
ฮิโตคาเงะ,Shiny VMAX Collection Set A,SC3a T,001/159,C,THA,2021,,Non-Holo,Vivid Voltage,-
Charmander,Shiny VMAX Collection Set A,SC3a I,001/159,C,IND,2021,,Non-Holo,Vivid Voltage,-
Charmander,Vivid Voltage,,023/185,C,ENG,2021,Cosmos Holo,Reverse Holo,Vivid Voltage,-
Charmander,S-P Promotional Cards,PROMO,088/S-P,-,IND,2021,INACO stamp,Non-Holo,Vivid Voltage,-
ヒトカゲ,VMAX Climax,S8b,015/184,-,JPN,2021,,Non-Holo,Vivid Voltage,-
파이리,VMAX Climax,S8b,015/184,-,KOR,2021,,Non-Holo,Vivid Voltage,-
小火龍,VMAX Climax,S8b F,015/184,-,TCHI,2021,,Non-Holo,Vivid Voltage,-
ฮิโตคาเงะ,VMAX Climax,S8b T,015/184,-,THA,2021,,Non-Holo,Vivid Voltage,-
Charmander,VMAX Climax,S8b I,015/184,-,IND,2021,,Non-Holo,Vivid Voltage,-
ヒトカゲ,VMAX Climax,S8b,015/184,-,JPN,2021,,Reverse Holo,Vivid Voltage,-
파이리,VMAX Climax,S8b,015/184,-,KOR,2021,,Reverse Holo,Vivid Voltage,-
小火龍,VMAX Climax,S8b F,015/184,-,TCHI,2021,,Reverse Holo,Vivid Voltage,-
ฮิโตคาเงะ,VMAX Climax,S8b T,015/184,-,THA,2021,,Reverse Holo,Vivid Voltage,-
Charmander,VMAX Climax,S8b I,015/184,-,IND,2021,,Reverse Holo,Vivid Voltage,-
Charmander,Sword & Shield Promotional Cards,,SWSH092,-,ENG,2021,,Holo,SWSH Promo 092,-
Charmander,Sword & Shield Promotional Cards,,SWSH092,-,POR,2021,,Holo,SWSH Promo 092,-
小火龙,Storming Emergence GX Starter Deck,CSM1DC,028/324,-,SCHI,2022,,Non-Holo,Burning Shadows 18,-
小火龙,Storming Emergence Set A,CSM1aC,002/151,C,SCHI,2022,,Non-Holo,Dragon Majesty,-
小火龙,Storming Emergence Set A,CSM1aC,002/151,C,SCHI,2022,,Reverse Holo,Dragon Majesty,-
小火龙,Storming Emergence Set A,CSM1aC,153/151,SHR,SCHI,2022,,Shiny Holo,Shiny Vault,-
Charmander,Pokémon Go,,008/078,C,ENG,2022,,Non-Holo,Pokémon Go,-
Glumanda,Pokémon Go,,008/078,C,GER,2022,,Non-Holo,Pokémon Go,-
Salamèche,Pokémon Go,,008/078,C,FRE,2022,,Non-Holo,Pokémon Go,-
Charmander,Pokémon Go,,008/078,C,ITA,2022,,Non-Holo,Pokémon Go,-
Charmander,Pokémon Go,,008/078,C,SPA,2022,,Non-Holo,Pokémon Go,-
Charmander,Pokémon Go,,008/078,C,POR,2022,,Non-Holo,Pokémon Go,-
ヒトカゲ,Pokémon Go,S10b,008/071,C,JPN,2022,,Non-Holo,Pokémon Go,-
파이리,Pokémon Go,S10b,008/071,C,KOR,2022,,Non-Holo,Pokémon Go,-
小火龍,Pokémon Go,S10b F,008/071,C,TCHI,2022,,Non-Holo,Pokémon Go,-
ฮิโตคาเงะ,Pokémon Go,S10b T,008/071,C,THA,2022,,Non-Holo,Pokémon Go,-
Charmander,Pokémon Go,S10b I,008/071,C,IND,2022,,Non-Holo,Pokémon Go,-
Charmander,Pokémon Go,,008/078,C,ENG,2022,,Reverse Holo,Pokémon Go,-
Glumanda,Pokémon Go,,008/078,C,GER,2022,,Reverse Holo,Pokémon Go,-
Salamèche,Pokémon Go,,008/078,C,FRE,2022,,Reverse Holo,Pokémon Go,-
Charmander,Pokémon Go,,008/078,C,ITA,2022,,Reverse Holo,Pokémon Go,-
Charmander,Pokémon Go,,008/078,C,SPA,2022,,Reverse Holo,Pokémon Go,-
Charmander,Pokémon Go,,008/078,C,POR,2022,,Reverse Holo,Pokémon Go,-
Charmander,Sword & Shield Promotional Cards,,SWSH232,-,ENG,2022,,Holo,SWSH Promo 232,-
Glumanda,Sword & Shield Promotional Cards,,SWSH232,-,GER,2022,,Holo,SWSH Promo 232,-
Salamèche,Sword & Shield Promotional Cards,,SWSH232,-,FRE,2022,,Holo,SWSH Promo 232,-
Charmander,Sword & Shield Promotional Cards,,SWSH232,-,ITA,2022,,Holo,SWSH Promo 232,-
Charmander,Sword & Shield Promotional Cards,,SWSH232,-,SPA,2022,,Holo,SWSH Promo 232,-
Charmander,Sword & Shield Promotional Cards,,SWSH232,-,POR,2022,,Holo,SWSH Promo 232,-
ヒトカゲ,S-P Promotional Cards,PROMO,289/S-P,-,JPN,2022,,Non-Holo,SWSH Promo 232,-
파이리,S-P Promotional Cards,PROMO,163/S-P,-,KOR,2022,,Non-Holo,SWSH Promo 232,-
小火龍,S-P Promotional Cards,PROMO,183/S-P,-,TCHI,2022,,Non-Holo,SWSH Promo 232,-
ฮิโตคาเงะ,S-P Promotional Cards,PROMO,111/S-P,-,THA,2022,,Non-Holo,SWSH Promo 232,-
Charmander,S-P Promotional Cards,PROMO,311/S-P,-,IND,2022,,Non-Holo,SWSH Promo 232,-
Charmander,Pokemon Trading Card Game Classic,CLC,001/034,-,ENG,2023,,Holo,Base Set,-
ヒトカゲ,Pokemon Card Game Classic,CLL,001/032,-,JPN,2023,,Holo,Base Set,-
파이리,Pokemon Card Game Classic,CLL,001/032,-,KOR,2023,,Holo,Base Set,-
小火龍,Pokemon Card Game Classic,CLL F,001/032,-,TCHI,2023,,Holo,Base Set,-
小火龙,Battle Party Set Deck B,CSMPbC,002/025,-,SCHI,2023,,Non-Holo,Burning Shadows 18a,-
小火龙,Battle Party Set Deck B,CSMPbC,002/025,-,SCHI,2023,,Reverse Holo,Burning Shadows 18a,-
小火龙,Shining Synergy Set C,CSM2cC,002/150,C,SCHI,2023,,Non-Holo,Team Up 11,-
小火龙,Shining Synergy Set C,CSM2cC,002/150,C,SCHI,2023,,Reverse Holo,Team Up 11,-
小火龙,Vivid Portrayals Set A,CS2aC,027/115,C,SCHI,2023,,Non-Holo,Vivid Voltage,-
小火龙,Vivid Portrayals Set A,CS2aC,027/115,C,SCHI,2023,,Reverse Holo,Vivid Voltage,-
小火龙,S-P Promotional Cards,PROMO,040/S-P,-,SCHI,2023,Gym Logo,Non-Holo,SWSH Promo 092,-
Charmander,151,MEW EN,004/165,C,ENG,2023,,Non-Holo,Card 151,-
Glumanda,151,MEW DE,004/165,C,GER,2023,,Non-Holo,Card 151,-
Salamèche,151,MEW FR,004/165,C,FRE,2023,,Non-Holo,Card 151,-
Charmander,151,MEW IT,004/165,C,ITA,2023,,Non-Holo,Card 151,-
Charmander,151,MEW ES,004/165,C,SPA,2023,,Non-Holo,Card 151,-
Charmander,151,MEW PT,004/165,C,POR,2023,,Non-Holo,Card 151,-
ヒトカゲ,Pokémon Card 151,SV2a,004/165,C,JPN,2023,,Non-Holo,Card 151,-
파이리,Pokémon Card 151,SV2a,004/165,C,KOR,2023,,Non-Holo,Card 151,-
小火龍,Pokémon Card 151,SV2a F,004/165,C,TCHI,2023,,Non-Holo,Card 151,-
ฮิโตคาเงะ,Pokémon Card 151,SV2a T,004/165,C,THA,2023,,Non-Holo,Card 151,-
Charmander,Pokémon Card 151,SV2a I,004/165,C,IND,2023,,Non-Holo,Card 151,-
Charmander,151,MEW EN,004/165,C,ENG,2023,,Reverse Holo,Card 151,-
Glumanda,151,MEW DE,004/165,C,GER,2023,,Reverse Holo,Card 151,-
Salamèche,151,MEW FR,004/165,C,FRE,2023,,Reverse Holo,Card 151,-
Charmander,151,MEW IT,004/165,C,ITA,2023,,Reverse Holo,Card 151,-
Charmander,151,MEW ES,004/165,C,SPA,2023,,Reverse Holo,Card 151,-
Charmander,151,MEW PT,004/165,C,POR,2023,,Reverse Holo,Card 151,!
ヒトカゲ,Pokémon Card 151,SV2a,004/165,C,JPN,2023,,Reverse Holo,Card 151,-
파이리,Pokémon Card 151,SV2a,004/165,C,KOR,2023,,Reverse Holo,Card 151,-
小火龍,Pokémon Card 151,SV2a F,004/165,C,TCHI,2023,,Reverse Holo,Card 151,-
ヒトカゲ,Pokémon Card 151,SV2a,004/165,C,JPN,2023,Master Ball Holo,Reverse Holo,Card 151,-
파이리,Pokémon Card 151,SV2a,004/165,C,KOR,2023,Master Ball Holo,Reverse Holo,Card 151,-
小火龍,Pokémon Card 151,SV2a F,004/165,C,TCHI,2023,Master Ball Holo,Reverse Holo,Card 151,-
Charmander,151,MEW EN,004/165,C,ENG,2023,Charizard ex Super-Premium Collection,Holo,Card 151,-
Glumanda,151,MEW DE,004/165,C,GER,2023,Charizard ex Super-Premium Collection,Holo,Card 151,-
Salamèche,151,MEW FR,004/165,C,FRE,2023,Charizard ex Super-Premium Collection,Holo,Card 151,-
Charmander,151,MEW IT,004/165,C,ITA,2023,Charizard ex Super-Premium Collection,Holo,Card 151,-
Charmander,151,MEW ES,004/165,C,SPA,2023,Charizard ex Super-Premium Collection,Holo,Card 151,-
Charmander,151,MEW PT,004/165,C,POR,2023,Charizard ex Super-Premium Collection,Holo,Card 151,-
Charmander,151,MEW EN,004/165,-,ENG,2023,Gamestop stamp,Reverse Holo,Card 151,-
Salamèche,151,MEW FR,004/165,-,FRE,2023,Gamestop stamp,Reverse Holo,Card 151,-
Charmander,151,MEW EN,004/165,-,ENG,2023,EB Games stamp,Reverse Holo,Card 151,-
Charmander,151,MEW EN,004/165,-,ENG,2023,Cosmos Holo,Reverse Holo,Card 151,-
Charmander,151,MEW FR,004/165,-,FRE,2023,Cosmos Holo,Reverse Holo,Card 151,-
ヒトカゲ,Shiny Treasure ex,SV4a,025/190,-,JPN,2023,,Non-Holo,Card 151,-
小火龍,Shiny Treasure ex,SV4a F,025/190,-,TCHI,2023,,Non-Holo,Card 151,-
ヒトカゲ,Shiny Treasure ex,SV4a,025/190,-,JPN,2023,,Reverse Holo,Card 151,-
小火龍,Shiny Treasure ex,SV4a F,025/190,-,TCHI,2023,,Reverse Holo,Card 151,-
ฮิโตคาเงะ,SV-P Promotional Cards,PROMO,066/SV-P,-,THA,2023,Central Pattana stamp,Non-Holo,Card 151,-
Charmander,151,MEW EN,168/165,AR,ENG,2023,,Full Art,Card 151 AR,-
Glumanda,151,MEW DE,168/165,AR,GER,2023,,Full Art,Card 151 AR,-
Salamèche,151,MEW FR,168/165,AR,FRE,2023,,Full Art,Card 151 AR,-
Charmander,151,MEW IT,168/165,AR,ITA,2023,,Full Art,Card 151 AR,-
Charmander,151,MEW ES,168/165,AR,SPA,2023,,Full Art,Card 151 AR,-
Charmander,151,MEW PT,168/165,AR,POR,2023,,Full Art,Card 151 AR,-
ヒトカゲ,Pokémon Card 151,SV2a,168/165,AR,JPN,2023,,Full Art,Card 151 AR,-
파이리,Pokémon Card 151,SV2a,168/165,AR,KOR,2023,,Full Art,Card 151 AR,-
小火龍,Pokémon Card 151,SV2a F,168/165,AR,TCHI,2023,,Full Art,Card 151 AR,-
ฮิโตคาเงะ,Pokémon Card 151,SV2a T,168/165,AR,THA,2023,,Full Art,Card 151 AR,-
Charmander,Pokémon Card 151,SV2a I,168/165,AR,IND,2023,,Full Art,Card 151 AR,-
ヒトカゲ,Shiny Treasure ex,SV4a,210/190,S,JPN,2023,,Shiny Holo,Paldean Fates,-
小火龍,Shiny Treasure ex,SV4a F,210/190,S,TCHI,2023,,Shiny Holo,Paldean Fates,-
Charmander,SVP Promotional Cards,SVP EN,047,-,ENG,2023,,Holo,SV Promo,-
Glumanda,SVP Promotional Cards,SVP DE,047,-,GER,2023,,Holo,SV Promo,-
Salamèche,SVP Promotional Cards,SVP FR,047,-,FRE,2023,,Holo,SV Promo,-
Charmander,SVP Promotional Cards,SVP IT,047,-,ITA,2023,,Holo,SV Promo,-
Charmander,SVP Promotional Cards,SVP ES,047,-,SPA,2023,,Holo,SV Promo,-
Charmander,SVP Promotional Cards,SVP PT,047,-,POR,2023,,Holo,SV Promo,-
ヒトカゲ,SV-P Promotional Cards,PROMO,060/SV-P,-,JPN,2023,,Reverse Holo,SV Promo,-
파이리,SV-P Promotional Cards,PROMO,040/SV-P,-,KOR,2023,,Reverse Holo,SV Promo,-
ฮิโตคาเงะ,SVP Promotional Cards,PROMO,035/SV-P,-,THA,2023,Tao Kae Noi stamp,Reverse Holo,SV Promo,-
Charmander,Obsidian Flame,OBF EN,026/197,C,ENG,2023,,Non-Holo,Obsidian Flame,-
Glumanda,Obsidian Flame,OBF DE,026/197,C,GER,2023,,Non-Holo,Obsidian Flame,-
Salamèche,Obsidian Flame,OBF FR,026/197,C,FRE,2023,,Non-Holo,Obsidian Flame,-
Charmander,Obsidian Flame,OBF IT,026/197,C,ITA,2023,,Non-Holo,Obsidian Flame,-
Charmander,Obsidian Flame,OBF ES,026/197,C,SPA,2023,,Non-Holo,Obsidian Flame,-
Charmander,Obsidian Flame,OBF PT,026/197,C,POR,2023,,Non-Holo,Obsidian Flame,-
ヒトカゲ,Ruler of the Black Flame,SV3,012/108,C,JPN,2023,,Non-Holo,Obsidian Flame,-
파이리,Ruler of the Black Flame,SV3,012/108,C,KOR,2023,,Non-Holo,Obsidian Flame,-
小火龍,Ruler of the Black Flame,SV3 F,012/108,C,TCHI,2023,,Non-Holo,Obsidian Flame,-
ฮิโตคาเงะ,Ruler of the Black Flame,SV3 T,012/108,C,THA,2023,,Non-Holo,Obsidian Flame,-
Charmander,Black Shine,SV3S I,013/170,C,IND,2023,,Non-Holo,Obsidian Flame,-
Charmander,Obsidian Flame,OBF EN,026/197,C,ENG,2023,,Reverse Holo,Obsidian Flame,-
Glumanda,Obsidian Flame,OBF DE,026/197,C,GER,2023,,Reverse Holo,Obsidian Flame,-
Salamèche,Obsidian Flame,OBF FR,026/197,C,FRE,2023,,Reverse Holo,Obsidian Flame,-
Charmander,Obsidian Flame,OBF IT,026/197,C,ITA,2023,,Reverse Holo,Obsidian Flame,-
Charmander,Obsidian Flame,OBF ES,026/197,C,SPA,2023,,Reverse Holo,Obsidian Flame,-
Charmander,Obsidian Flame,OBF PT,026/197,C,POR,2023,,Reverse Holo,Obsidian Flame,-
Charmander,Obsidian Flame,OBF EN,026/197,C,ENG,2023,Charizard ex Premium Collection,Holo,Obsidian Flame,-
Glumanda,Obsidian Flame,OBF DE,026/197,C,GER,2023,Charizard ex Premium Collection,Holo,Obsidian Flame,-
Salamèche,Obsidian Flame,OBF FR,026/197,C,FRE,2023,Charizard ex Premium Collection,Holo,Obsidian Flame,-
Charmander,Obsidian Flame,OBF IT,026/197,C,ITA,2023,Charizard ex Premium Collection,Holo,Obsidian Flame,-
Charmander,Obsidian Flame,OBF ES,026/197,C,SPA,2023,Charizard ex Premium Collection,Holo,Obsidian Flame,-
Charmander,Obsidian Flame,OBF PT,026/197,C,POR,2023,Charizard ex Premium Collection,Holo,Obsidian Flame,-
ヒトカゲ,Charizard Special Deck Set ex,SVG,007/049,-,JPN,2023,,Non-Holo,Obsidian Flame,-
파이리,Charizard Special Deck Set ex,SVG,007/049,-,KOR,2023,,Non-Holo,Obsidian Flame,-
ฮิโตคาเงะ,ex Compact Deck,SVDS T,015/163,-,THA,2023,,Non-Holo,Obsidian Flame,-
Charmander,ex Compact Deck,SVDS I,015/163,-,IND,2023,,Non-Holo,Obsidian Flame,-
Charmander,SVP Promotional Cards,SVP EN,044,-,ENG,2023,,Full Art,Obsidian Promo,-
Glumanda,SVP Promotional Cards,SVP DE,044,-,GER,2023,,Full Art,Obsidian Promo,-
Salamèche,SVP Promotional Cards,SVP FR,044,-,FRE,2023,,Full Art,Obsidian Promo,-
Charmander,SVP Promotional Cards,SVP IT,044,-,ITA,2023,,Full Art,Obsidian Promo,-
Charmander,SVP Promotional Cards,SVP ES,044,-,SPA,2023,,Full Art,Obsidian Promo,-
Charmander,SVP Promotional Cards,SVP PT,044,-,POR,2023,,Full Art,Obsidian Promo,-
ヒトカゲ,Charizard Special Deck Set ex,SVG,051/049,-,JPN,2023,,Full Art,Obsidian Promo,-
파이리,Charizard Special Deck Set ex,SVG,051/049,-,KOR,2023,,Full Art,Obsidian Promo,-
Charmander,SVP Promotional Cards,SVP EN,044,-,ENG,2023,Pokémon Center stamp,Full Art,Obsidian Promo,-
Charmander,My First Battle,,-,-,ENG,2023,,Non-Holo,My First Battle,-
Glumanda,My First Battle,,-,-,GER,2023,,Non-Holo,My First Battle,-
Salamèche,My First Battle,,-,-,FRE,2023,,Non-Holo,My First Battle,-
Charmander,My First Battle,,-,-,ITA,2023,,Non-Holo,My First Battle,-
Charmander,My First Battle,,-,-,SPA,2023,,Non-Holo,My First Battle,-
Charmander,My First Battle,,-,-,POR,2023,,Non-Holo,My First Battle,-
Charmander,My First Battle,,-,-,ENG,2023,Blue Border,Non-Holo,My First Battle,-
Glumanda,My First Battle,,-,-,GER,2023,Blue Border,Non-Holo,My First Battle,-
Salamèche,My First Battle,,-,-,FRE,2023,Blue Border,Non-Holo,My First Battle,-
Charmander,My First Battle,,-,-,ITA,2023,Blue Border,Non-Holo,My First Battle,-
Charmander,My First Battle,,-,-,SPA,2023,Blue Border,Non-Holo,My First Battle,-
Charmander,My First Battle,,-,-,POR,2023,Blue Border,Non-Holo,My First Battle,-
小火龙,Brave Stars Set A,CS5aC,001/127,C,SCHI,2024,,Non-Holo,Pokémon Go Alt,-
小火龙,Brave Stars Set A,CS5aC,001/127,C,SCHI,2024,,Reverse Holo,Pokémon Go Alt,-
Charmander,Paldean Fates,PAF EN,007/091,-,ENG,2024,,Non-Holo,Card 151,-
Glumanda,Paldean Fates,PAF DE,007/091,-,GER,2024,,Non-Holo,Card 151,-
Salamèche,Paldean Fates,PAF FR,007/091,-,FRE,2024,,Non-Holo,Card 151,-
Charmander,Paldean Fates,PAF IT,007/091,-,ITA,2024,,Non-Holo,Card 151,-
Charmander,Paldean Fates,PAF ES,007/091,-,SPA,2024,,Non-Holo,Card 151,-
Charmander,Paldean Fates,PAF PT,007/091,-,POR,2024,,Non-Holo,Card 151,-
파이리,Shiny Treasure ex,SV4a,025/190,-,KOR,2024,,Non-Holo,Card 151,-
ฮิโตคาเงะ,Shiny Treasure ex,SV4a T,025/190,-,THA,2024,,Non-Holo,Card 151,-
Charmander,Shiny Treasure ex,SV4a I,025/190,-,IND,2024,,Non-Holo,Card 151,-
Charmander,Paldean Fates,PAF EN,007/091,-,ENG,2024,,Reverse Holo,Card 151,-
Glumanda,Paldean Fates,PAF DE,007/091,-,GER,2024,,Reverse Holo,Card 151,-
Salamèche,Paldean Fates,PAF FR,007/091,-,FRE,2024,,Reverse Holo,Card 151,-
Charmander,Paldean Fates,PAF IT,007/091,-,ITA,2024,,Reverse Holo,Card 151,-
Charmander,Paldean Fates,PAF ES,007/091,-,SPA,2024,,Reverse Holo,Card 151,-
Charmander,Paldean Fates,PAF PT,007/091,-,POR,2024,,Reverse Holo,Card 151,-
파이리,Shiny Treasure ex,SV4a,025/190,-,KOR,2024,,Reverse Holo,Card 151,-
ฮิโตคาเงะ,Shiny Treasure ex,SV4a T,025/190,-,THA,2024,,Reverse Holo,Card 151,-
Charmander,Shiny Treasure ex,SV4a I,025/190,-,IND,2024,,Reverse Holo,Card 151,-
ヒトカゲ,Battle Master Deck Terastal Charizard ex,SVJL,001/021,-,JPN,2024,,Non-Holo,Card 151,-
파이리,Battle Master Deck Terastal Charizard ex,SVJL,001/021,-,KOR,2024,,Non-Holo,Card 151,-
小火龍,Tactics Deck Terastal Charizard ex,SVTL F,001/021,-,TCHI,2024,,Non-Holo,Card 151,-
ฮิโตคาเงะ,Tactics Deck Terastal Charizard ex,SVTL T,001/021,-,THA,2024,,Non-Holo,Card 151,-
Charmander,Tactics Deck Terastal Charizard ex,SVTL I,001/021,-,IND,2024,,Non-Holo,Card 151,-
ฮิโตคาเงะ,SV-P Promotional Cards,PROMO,180/SV-P,-,THA,2024,,Reverse Holo,Card 151,-
Charmander,SV-P Promotional Cards,PROMO,059/SV-P,-,IND,2024,Choki Choki stamp,Non-Holo,Card 151,-
Charmander,SV-P Promotional Cards,PROMO,115/SV-P,-,IND,2024,,Reverse Holo,Card 151,-
Charmander,SV-P Promotional Cards,PROMO,115/SV-P,-,IND,2024,Master Ball Holo,Reverse Holo,Card 151,-
Charmander,SV-P Promotional Cards,PROMO,203/SV-P,-,IND,2024,,Reverse Holo,Card 151,-
Charmander,Paldean Fates,PAF EN,109/091,S,ENG,2024,,Shiny Holo,Paldean Fates,-
Glumanda,Paldean Fates,PAF DE,109/091,S,GER,2024,,Shiny Holo,Paldean Fates,-
Salamèche,Paldean Fates,PAF FR,109/091,S,FRE,2024,,Shiny Holo,Paldean Fates,-
Charmander,Paldean Fates,PAF IT,109/091,S,ITA,2024,,Shiny Holo,Paldean Fates,-
Charmander,Paldean Fates,PAF ES,109/091,S,SPA,2024,,Shiny Holo,Paldean Fates,-
Charmander,Paldean Fates,PAF PT,109/091,S,POR,2024,,Shiny Holo,Paldean Fates,-
파이리,Shiny Treasure ex,SV4a,210/190,S,KOR,2024,,Shiny Holo,Paldean Fates,-
ฮิโตคาเงะ,Shiny Treasure ex,SV4a T,210/190,S,THA,2024,,Shiny Holo,Paldean Fates,-
Charmander,Shiny Treasure ex,SV4a I,210/190,S,IND,2024,,Shiny Holo,Paldean Fates,-
Charmander,SVP Promotional Cards,PROMO,060/SV-P,-,IND,2024,Choki Choki stamp,Reverse Holo,SV Promo,-
小火龍,SV-P Promotional Cards,PROMO,071/SV-P,-,TCHI,2024,,Full Art,Obsidian Promo,-
ฮิโตคาเงะ,SV-P Promotional Cards,PROMO,102/SV-P,-,THA,2024,,Full Art,Obsidian Promo,-
Charmander,SV-P Promotional Cards,PROMO,093/SV-P,-,IND,2024,,Full Art,Obsidian Promo,-
小火龙,Collect 151 Journey,151 C,004/151,C,SCHI,2025,,Non-Holo,Card 151,-
小火龙,Collect 151 Journey,151 C,004/151,C,SCHI,2025,,Reverse Holo,Card 151,-
小火龙,Collect 151 Journey,151 C,004/151,C,SCHI,2025,Master Ball Holo,Reverse Holo,Card 151,-
Charmander,Paldean Fates,PAF EN,007/091,-,ENG,2025,Charizard ex Special Collection,Holo,Card 151,-
Glumanda,Paldean Fates,PAF DE,007/091,-,GER,2025,Charizard ex Special Collection,Holo,Card 151,-
Salamèche,Paldean Fates,PAF FR,007/091,-,FRE,2025,Charizard ex Special Collection,Holo,Card 151,-
Charmander,Paldean Fates,PAF IT,007/091,-,ITA,2025,Charizard ex Special Collection,Holo,Card 151,-
Charmander,Paldean Fates,PAF ES,007/091,-,SPA,2025,Charizard ex Special Collection,Holo,Card 151,-
Charmander,Paldean Fates,PAF PT,007/091,-,POR,2025,Charizard ex Special Collection,Holo,Card 151,-
파이리,SV-P Promotional Cards,PROMO,161/SV-P,-,KOR,2025,,Reverse Holo,Card 151,-
小火龍,SV-P Promotional Cards,PROMO,232/SV-P,-,TCHI,2025,Family Mart stamp,Non-Holo,Card 151,-
小火龙,Battle Party Dream,CSVE1 C,012/177,-,SCHI,2025,,Non-Holo,Card 151,-
小火龙,Adventure Special Pack,CSVL1 C,090/049,-,SCHI,2025,,Full Art,Card 151 AR,-
小火龙,Collect 151 Journey,151 C,152/151,S,SCHI,2025,,Shiny Holo,Paldean Fates,-
小火龙,SV-P Promotional Cards,PROMO,067/SV-P,-,SCHI,2025,,Reverse Holo,SV Promo,-
小火龙,SV-P Promotional Cards,PROMO,070/SV-P,-,SCHI,2025,Master Ball Holo,Reverse Holo,SV Promo,-
小火龙,Ardent Obsidian,CSV5 C,014/129        ,C,SCHI,2025,,Non-Holo,Obsidian Flame,-
小火龙,Ardent Obsidian,CSV5 C,014/129	,C,SCHI,2025,,Reverse Holo,Obsidian Flame,-
小火龙,Ardent Obsidian,CSV5 C,014/129	,C,SCHI,2025,Master Ball Holo,Reverse Holo,Obsidian Flame,-
小火龍,Charizard ex Starter Deck,SVQL F,001/022,-,TCHI,2025,,Non-Holo,Obsidian Flame,-
小火龍,SV-P Promotional Cards,PROMO,242/SV-P,-,TCHI,2025,Toys R Us stamp,Non-Holo,Obsidian Flame,-
Charmander,SV-P Promotional Cards,PROMO,282/SV-P,-,IND,2025,Taro stamp,Non-Holo,Obsidian Flame,-
小火龙,SV-P Promotional Cards,PROMO,098/SV-P,-,SCHI,2025,,Full Art,Obsidian Promo,-
Charmander,Phantasmal Flames,PFL EN,011/094,C,ENG,2025,,Non-Holo,Phantasmal Flames,-
Glumanda,Phantasmal Flames,PFL DE,011/094,C,GER,2025,,Non-Holo,Phantasmal Flames,-
Salamèche,Phantasmal Flames,PFL FR,011/094,C,FRE,2025,,Non-Holo,Phantasmal Flames,-
Charmander,Phantasmal Flames,PFL IT,011/094,C,ITA,2025,,Non-Holo,Phantasmal Flames,-
Charmander,Phantasmal Flames,PFL ES,011/094,C,SPA,2025,,Non-Holo,Phantasmal Flames,-
Charmander,Phantasmal Flames,PFL LA,011/094,C,LAT,2025,,Non-Holo,Phantasmal Flames,-
Charmander,Phantasmal Flames,PFL PT,011/094,C,POR,2025,,Non-Holo,Phantasmal Flames,-
ヒトカゲ,Inferno X,M2,011/080,C,JPN,2025,,Non-Holo,Phantasmal Flames,-
파이리,Inferno X,M2,011/080,C,KOR,2025,,Non-Holo,Phantasmal Flames,-
小火龍,Inferno X,M2 F,011/080,C,TCHI,2025,,Non-Holo,Phantasmal Flames,-
ฮิโตคาเงะ,Blue Blaze,MA2 T,011/103,C,THA,2025,,Non-Holo,Phantasmal Flames,-
Charmander,Blue Blaze,MA2 I,011/103,C,IND,2025,,Non-Holo,Phantasmal Flames,-
Charmander,Phantasmal Flames,PFL EN,011/094,C,ENG,2025,,Reverse Holo,Phantasmal Flames,-
Glumanda,Phantasmal Flames,PFL DE,011/094,C,GER,2025,,Reverse Holo,Phantasmal Flames,-
Salamèche,Phantasmal Flames,PFL FR,011/094,C,FRE,2025,,Reverse Holo,Phantasmal Flames,-
Charmander,Phantasmal Flames,PFL IT,011/094,C,ITA,2025,,Reverse Holo,Phantasmal Flames,-
Charmander,Phantasmal Flames,PFL ES,011/094,C,SPA,2025,,Reverse Holo,Phantasmal Flames,-
Charmander,Phantasmal Flames,PFL LA,011/094,C,LAT,2025,,Reverse Holo,Phantasmal Flames,-
Charmander,Phantasmal Flames,PFL PT,011/094,C,POR,2025,,Reverse Holo,Phantasmal Flames,-
小火龍,M-P Promotional cards,PROMO,020/M-P,-,TCHI,2025,Inferno X stamp,Reverse Holo,Phantasmal Flames,-
ฮิโตคาเงะ,M-P Promotional cards,PROMO,039/M-P,-,THA,2025,Blue Blaze stamp,Non-Holo,Phantasmal Flames,-
Charmander,M-P Promotional cards,PROMO,026/M-P,-,IND,2025,Blue Blaze stamp,Reverse Holo,Phantasmal Flames,x
ヒトカゲ,Start Deck 100 Battle Collection,MC,083/742,-,JPN,2025,,Non-Holo,Ascended Heroes,-
小火龍,Start Deck 100 Battle Collection,MC F,083/742,-,TCHI,2025,,Non-Holo,Ascended Heroes,-
파이리,Start Deck 100 Battle Collection,MC,083/742,-,JPN,2025,,Reverse Holo,Ascended Heroes,-
小火龍,Start Deck 100 Battle Collection,MC F,083/742,-,TCHI,2025,,Reverse Holo,Ascended Heroes,-
小火龙,Charizard ex Master Strategy Deck,CSVM1a C,001/033,-,SCHI,2026,,Non-Holo,Card 151,-
Charmander,Phantasmal Flames,PFL EN,011/094,C,ENG,2026,Play! Pokémon stamp,Non-Holo,Phantasmal Flames,-
Glumanda,Phantasmal Flames,PFL DE,011/094,C,GER,2026,Play! Pokémon stamp,Non-Holo,Phantasmal Flames,!
Salamèche,Phantasmal Flames,PFL FR,011/094,C,FRE,2026,Play! Pokémon stamp,Non-Holo,Phantasmal Flames,!
Charmander,Phantasmal Flames,PFL IT,011/094,C,ITA,2026,Play! Pokémon stamp,Non-Holo,Phantasmal Flames,-
Charmander,Phantasmal Flames,PFL ES,011/094,C,SPA,2026,Play! Pokémon stamp,Non-Holo,Phantasmal Flames,-
Charmander,Phantasmal Flames,PFL LA,011/094,C,LAT,2026,Play! Pokémon stamp,Non-Holo,Phantasmal Flames,-
Charmander,Phantasmal Flames,PFL PT,011/094,C,POR,2026,Play! Pokémon stamp,Non-Holo,Phantasmal Flames,-
Charmander,Phantasmal Flames,PFL EN,011/094,C,ENG,2026,Play! Pokémon stamp,Holo,Phantasmal Flames,-
Glumanda,Phantasmal Flames,PFL DE,011/094,C,GER,2026,Play! Pokémon stamp,Holo,Phantasmal Flames,!
Salamèche,Phantasmal Flames,PFL FR,011/094,C,FRE,2026,Play! Pokémon stamp,Holo,Phantasmal Flames,!
Charmander,Phantasmal Flames,PFL IT,011/094,C,ITA,2026,Play! Pokémon stamp,Holo,Phantasmal Flames,-
Charmander,Phantasmal Flames,PFL ES,011/094,C,SPA,2026,Play! Pokémon stamp,Holo,Phantasmal Flames,-
Charmander,Phantasmal Flames,PFL LA,011/094,C,LAT,2026,Play! Pokémon stamp,Holo,Phantasmal Flames,-
Charmander,Phantasmal Flames,PFL PT,011/094,C,POR,2026,Play! Pokémon stamp,Holo,Phantasmal Flames,-
Charmander,Ascended Heroes,ASC EN,020/217,C,ENG,2026,,Non-Holo,Ascended Heroes,-
Glumanda,Ascended Heroes,ASC DE,020/217,C,GER,2026,,Non-Holo,Ascended Heroes,-
Salamèche,Ascended Heroes,ASC FR,020/217,C,FRE,2026,,Non-Holo,Ascended Heroes,-
Charmander,Ascended Heroes,ASC IT,020/217,C,ITA,2026,,Non-Holo,Ascended Heroes,-
Charmander,Ascended Heroes,ASC ES,020/217,C,SPA,2026,,Non-Holo,Ascended Heroes,-
Charmander,Ascended Heroes,ASC LA,020/217,C,LAT,2026,,Non-Holo,Ascended Heroes,!
Charmander,Ascended Heroes,ASC PT,020/217,C,POR,2026,,Non-Holo,Ascended Heroes,-
파이리,Start Deck 100 Battle Collection,MC,083/742,-,KOR,2026,,Non-Holo,Ascended Heroes,-
ฮิโตคาเงะ,Void Blast,MA4 T,023/123,-,THA,2026,,Non-Holo,Ascended Heroes,-
Charmander,Void Blast,MA4 I,023/123,-,IND,2026,,Non-Holo,Ascended Heroes,!
Charmander,Ascended Heroes,ASC EN,020/217,C,ENG,2026,Fire Energy Holo,Reverse Holo,Ascended Heroes,-
Glumanda,Ascended Heroes,ASC DE,020/217,C,GER,2026,Fire Energy Holo,Reverse Holo,Ascended Heroes,-
Salamèche,Ascended Heroes,ASC FR,020/217,C,FRE,2026,Fire Energy Holo,Reverse Holo,Ascended Heroes,-
Charmander,Ascended Heroes,ASC IT,020/217,C,ITA,2026,Fire Energy Holo,Reverse Holo,Ascended Heroes,-
Charmander,Ascended Heroes,ASC ES,020/217,C,SPA,2026,Fire Energy Holo,Reverse Holo,Ascended Heroes,-
Charmander,Ascended Heroes,ASC LA,020/217,C,LAT,2026,Fire Energy Holo,Reverse Holo,Ascended Heroes,!
Charmander,Ascended Heroes,ASC PT,020/217,C,POR,2026,Fire Energy Holo,Reverse Holo,Ascended Heroes,-
Charmander,Ascended Heroes,ASC EN,020/217,C,ENG,2026,Poké Ball Holo,Reverse Holo,Ascended Heroes,-
Glumanda,Ascended Heroes,ASC DE,020/217,C,GER,2026,Poké Ball Holo,Reverse Holo,Ascended Heroes,-
Salamèche,Ascended Heroes,ASC FR,020/217,C,FRE,2026,Poké Ball Holo,Reverse Holo,Ascended Heroes,-
Charmander,Ascended Heroes,ASC IT,020/217,C,ITA,2026,Poké Ball Holo,Reverse Holo,Ascended Heroes,-
Charmander,Ascended Heroes,ASC ES,020/217,C,SPA,2026,Poké Ball Holo,Reverse Holo,Ascended Heroes,-
Charmander,Ascended Heroes,ASC LA,020/217,C,LAT,2026,Poké Ball Holo,Reverse Holo,Ascended Heroes,!
Charmander,Ascended Heroes,ASC PT,020/217,C,POR,2026,Poké Ball Holo,Reverse Holo,Ascended Heroes,-
ヒトカゲ,Start Deck 100 Battle Collection,MC,083/742,-,KOR,2026,,Reverse Holo,Ascended Heroes,-
Charmander,Ascended Heroes,ASC EN,020/217,C,ENG,2026,Charmander Tech Sticker Collection,Holo,Ascended Heroes,-
Glumanda,Ascended Heroes,ASC DE,020/217,C,GER,2026,Charmander Tech Sticker Collection,Holo,Ascended Heroes,-
Salamèche,Ascended Heroes,ASC FR,020/217,C,FRE,2026,Charmander Tech Sticker Collection,Holo,Ascended Heroes,-
Charmander,Ascended Heroes,ASC IT,020/217,C,ITA,2026,Charmander Tech Sticker Collection,Holo,Ascended Heroes,-
Charmander,Ascended Heroes,ASC ES,020/217,C,SPA,2026,Charmander Tech Sticker Collection,Holo,Ascended Heroes,-
Charmander,Ascended Heroes,ASC LA,020/217,C,LAT,2026,Charmander Tech Sticker Collection,Holo,Ascended Heroes,-
Charmander,Ascended Heroes,ASC PT,020/217,C,POR,2026,Ascended Heroes 3-pack blister,Holo,Ascended Heroes,-
ฮิโตคาเงะ,M-P Promotional cards,PROMO,059/M-P,-,THA,2026,Void Blast stamp,Reverse Holo,Ascended Heroes,x
Charmander,M-P Promotional cards,PROMO,071/M-P,-,IND,2026,Void Blast stamp,Reverse Holo,Ascended Heroes,!
Charmander,M-P Promotional cards,PROMO,089/M-P,-,IND,2026,Gyu-Kaku stamp,Non-Holo,Ascended Heroes,x
Charmander,MEP Promotional Cards,MEP EN,038,-,ENG,2026,,Full Art,Anniversary Promo,-
Glumanda,MEP Promotional Cards,MEP DE,038,-,GER,2026,,Full Art,Anniversary Promo,-
Salamèche,MEP Promotional Cards,MEP FR,038,-,FRE,2026,,Full Art,Anniversary Promo,-
Charmander,MEP Promotional Cards,MEP IT,038,-,ITA,2026,,Full Art,Anniversary Promo,-
Charmander,MEP Promotional Cards,MEP ES,038,-,SPA,2026,,Full Art,Anniversary Promo,-
Charmander,MEP Promotional Cards,MEP LA,038,-,LAT,2026,,Full Art,Anniversary Promo,-
Charmander,MEP Promotional Cards,MEP PT,038,-,POR,2026,,Full Art,Anniversary Promo,-
ヒトカゲ,MEP Promotional Cards,PROMO,102/M-P,-, JPN,2026,,Full Art,Anniversary Promo,-
小火龙,30th Anniversary Promotional Cards,PROMO,002/30th-P,-,SCHI,2026,,Full Art,Anniversary Promo,-