row,name,set,number,lang
1,ヒトカゲ,Expansion Pack,004,JPN
2,ヒトカゲ,Expansion Pack,004,JPN
3,ヒトカゲ,Rocket Gang,004,JPN
4,ヒトカゲ,Vending Machine Extended Sheet 1,004,JPN
5,ヒトカゲ,Quick Starter Gift Set,004,JPN
6,カツラのヒトカゲ,Challenge from the Darkness,004,JPN
8,Glumanda,Base Set,58/102,GER
10,Charmander,Base Set,58/102,ITA
11,Charmander,Base Set,58/102,SPA
12,Charmander,Base Set,58/102,POR
13,Charmander,Base Set,58/102,DUT
14,파이리,Base Set,58/102,KOR
15,小火龍,Base Set,58/102,TCHI
18,Glumanda,Base Set,58/102,GER
20,Charmander,Base Set,58/102,ITA
21,Charmander,Base Set,58/102,SPA
22,Charmander,Base Set,58/102,POR
23,Charmander,Base Set,58/102,DUT
24,파이리,Base Set,58/102,KOR
25,小火龍,Base Set,58/102,TCHI
26,ヒトカゲ,Pokémon Snap Best Photo Contest,004,JPN
27,カツラのヒトカゲ,Guren Town Gym,004,JPN
28,Charmander,Base Set,58/102,SPA
30,Charmander,Base Set,58/102,SPA
33,Glumanda,Team Rocket,50/82,GER
35,Charmander,Team Rocket,50/82,ITA
37,Glumanda,Team Rocket,50/82,GER
39,Charmander,Team Rocket,50/82,ITA
44,ヒトカゲ,Pokémon-e Starter Deck,009/029,JPN
45,ヒトカゲ,Pokémon-e Starter Deck,009/029,JPN
46,ヒトカゲ,Pokémon-e Starter Deck,010/029,JPN
47,ヒトカゲ,Pokémon-e Starter Deck,010/029,JPN
51,Glumanda,Expedition Base Set,97/165,GER
53,Charmander,Expedition Base Set,97/165,ITA
55,Glumanda,Expedition Base Set,97/165,GER
57,Charmander,Expedition Base Set,97/165,ITA
59,Glumanda,Expedition Base Set,98/165,GER
61,Charmander,Expedition Base Set,98/165,ITA
63,Glumanda,Expedition Base Set,98/165,GER
65,Charmander,Expedition Base Set,98/165,ITA
66,ヒトカゲ,McDonald's Pokémon-e Minimum Pack,004/018,JPN
68,Glumanda,EX Dragon,98/97,GER
70,Charmander,EX Dragon,98/97,ITA
71,ヒトカゲ,Gift Box: Latias Half Deck,001/018,JPN
74,Glumanda,EX FireRed & LeafGreen,113/112,GER
76,Charmander,EX FireRed & LeafGreen,113/112,ITA
77,ヒトカゲ,ADV-P Promotional cards,052/ADV-P,JPN
81,Glumanda,EX FireRed & LeafGreen,57/112,GER
82,Glumanda,EX FireRed & LeafGreen,57/112,GER
83,Glumanda,EX FireRed & LeafGreen,57/112,GER
87,Charmander,EX FireRed & LeafGreen,57/112,ITA
88,Charmander,EX FireRed & LeafGreen,57/112,ITA
89,Charmander,EX FireRed & LeafGreen,57/112,ITA
90,ヒトカゲ,Charizard Random Constructed Starter Deck,009/052,JPN
91,ヒトカゲ,Charizard Random Constructed Starter Deck,009/052,JPN
93,Glumanda,EX FireRed & LeafGreen,57/112,GER
95,Charmander,EX FireRed & LeafGreen,57/112,ITA
99,Glumanda,EX FireRed & LeafGreen,58/112,GER
100,Glumanda,EX FireRed & LeafGreen,58/112,GER
101,Glumanda,EX FireRed & LeafGreen,58/112,GER
105,Charmander,EX FireRed & LeafGreen,58/112,ITA
106,Charmander,EX FireRed & LeafGreen,58/112,ITA
107,Charmander,EX FireRed & LeafGreen,58/112,ITA
108,ヒトカゲ,Charizard Random Constructed Starter Deck,010/052,JPN
109,ヒトカゲ,Charizard Random Constructed Starter Deck,010/052,JPN
111,Glumanda,EX FireRed & LeafGreen,58/112,GER
113,Charmander,EX FireRed & LeafGreen,58/112,ITA
114,Charmander,EX Trainer Kit: Minun Half Deck,2/12,ENG
115,Glumanda,EX Trainer Kit: Minun Half Deck,2/12,GER
116,Salamèche,EX Trainer Kit: Minun Half Deck,2/12,FRE
117,Charmander,EX Trainer Kit: Minun Half Deck,2/12,ITA
118,小火龍,EX Trainer Kit: Minun Half Deck,2/12,TCHI
120,Glumanda,EX Crystal Guardians,48/100,GER
122,Charmander,EX Crystal Guardians,48/100,ITA
123,ヒトカゲ,Miracle Crystal,011/075,JPN
124,ヒトカゲ,Miracle Crystal,011/075,JPN
126,Glumanda,EX Crystal Guardians,48/100,GER
128,Charmander,EX Crystal Guardians,48/100,ITA
130,Glumanda δ,EX Crystal Guardians,49/100,GER
132,Charmander δ,EX Crystal Guardians,49/100,ITA
133,ヒトカゲδ,Earth's Groudon ex Constructed Starter Deck,004/016,JPN
134,ヒトカゲδ,Earth's Groudon ex Constructed Starter Deck,004/016,JPN
136,Glumanda δ,EX Crystal Guardians,49/100,GER
138,Charmander δ,EX Crystal Guardians,49/100,ITA
139,ヒトカゲδ,PCG-P Promotional cards,132/PCG-P,JPN
141,Glumanda δ,POP Series 5,10/17,GER
142,Charmander δ,POP Series 5,10/17,ITA
144,Glumanda,EX Power Keepers,48/108,GER
146,ヒトカゲ,World Champions Pack,006/108,JPN
147,ヒトカゲ,World Champions Pack,006/108,JPN
149,Glumanda,EX Power Keepers,48/108,GER
152,Glumanda,Secret Wonders,82/132,GER
154,Charmander,Secret Wonders,82/132,ITA
155,Charmander,Secret Wonders,82/132,SPA
156,Charmander,Secret Wonders,82/132,POR
157,ヒトカゲ,Shining Darkness,BPDP#004,JPN
158,ヒトカゲ,Shining Darkness,BPDP#004,JPN
159,파이리,Guardians of Ancient Times,05/40,KOR
161,Glumanda,Secret Wonders,82/132,GER
164,Glumanda,Stormfront,101/100,GER
165,Salamèche,Stormfront,101/100,FRE
166,Charmander,Stormfront,101/100,ITA
167,Charmander,Stormfront,101/100,SPA
168,ヒトカゲ,Intense Fight in the Destroyed Sky,090/092,JPN
169,ヒトカゲ,Intense Fight in the Destroyed Sky,090/092,JPN
170,ヒトカゲ,DP-P Promotional cards,124/DP-P,JPN
172,Glumanda,Arceus,59/99,GER
173,Charmander,Arceus,59/99,ITA
174,ヒトカゲ,Advent of Arceus,015/090,JPN
175,ヒトカゲ,Advent of Arceus,015/090,JPN
177,Glumanda,Arceus,59/99,GER
178,Charmander,Arceus,59/99,ITA
185,ヒトカゲ,Freeze Bolt,010/059,JPN
186,ヒトカゲ,Freeze Bolt,010/059,JPN
187,파이리,Freeze Bolt,010/059,KOR
193,ヒトカゲ,BW-P Promotional cards,165/BW-P,JPN
195,ヒトカゲ,EX Battle Boost,009/093,JPN
196,ヒトカゲ,EX Battle Boost,009/093,JPN
197,파이리,EX Battle Boost,009/093,KOR
199,ヒトカゲ,EX Battle Boost,009/093,JPN
200,ヒトカゲ,EX Battle Boost,009/093,JPN
201,파이리,EX Battle Boost,009/093,KOR
207,ヒトカゲ,Expansion Pack 20th Anniversary,009/087,JPN
208,파이리,Expansion Pack 20th Anniversary,009/100,KOR
220,Charmander,Generations,RC3/RC32,ITA
221,Charmander,Generations,RC3/RC32,SPA
222,Charmander,Generations,RC3/RC32,POR
223,ヒトカゲ,PokéKyun Collection,003/032,JPN
224,파이리,PokéKyun Collection,003/032,KOR
225,Charmander,Burning Shadows,18/147,ENG
226,Glumanda,Burning Shadows,18/147,GER
227,Salamèche,Burning Shadows,18/147,FRE
228,Charmander,Burning Shadows,18/147,ITA
231,ヒトカゲ,To Have Seen the Battle Rainbow,009/051,JPN
232,파이리,To Have Seen the Battle Rainbow,009/051,KOR
245,ヒトカゲ,SM-P Promotional cards,112/SM-P,JPN
246,ヒトカゲ,SM-P Promotional cards,060/SM-P,JPN
247,ヒトカゲ,Fire Charizard-GX Starter Deck,011/131,JPN
248,Salamèche,McDonald's Collection 2018,4/40,FRE
249,Salamèche,McDonald's Collection 2018,4/40,FRE
250,Charmander,Burning Shadows,18a/147,ENG
251,Charmander,Dragon Majesty,1/70,ENG
252,Glumanda,Dragon Majesty,1/70,GER
253,Salamèche,Dragon Majesty,1/70,FRE
254,Charmander,Dragon Majesty,1/70,ITA
255,Charmander,Dragon Majesty,1/70,SPA
256,Charmander,Dragon Majesty,1/70,POR
257,ヒトカゲ,Dragon Storm,001/053,JPN
258,파이리,Dragon Storm,001/053,KOR
259,Charmander,Dragon Majesty,1/70,ENG
260,Glumanda,Dragon Majesty,1/70,GER
261,Salamèche,Dragon Majesty,1/70,FRE
262,Charmander,Dragon Majesty,1/70,ITA
263,Charmander,Dragon Majesty,1/70,SPA
264,Charmander,Dragon Majesty,1/70,POR
265,파이리,Dragon Storm,001/053,KOR
266,ヒトカゲ,GX Ultra Shiny,166/150,JPN
267,파이리,GX Ultra Shiny,166/150,KOR
268,ヒトカゲ,Tag Bolt,010/095,JPN
269,파이리,Tag Bolt,010/095,KOR
270,ヒトカゲ,Tag Bolt,011/095,JPN
271,파이리,Tag Bolt,011/095,KOR
272,小火龍,All Stars Collection Set A,030/158,TCHI
273,ฮิโตคาเงะ,First Impact Set A,035/150,THA
274,Charmander,First Impact Set A,035/150,IND
275,파이리,Tag Team GX Power Up Box,001/043,KOR
276,小火龍,All Stars Collection GX Starter Deck,017/157,TCHI
277,ฮิโตคาเงะ,First Impact GX Starter Deck,014/140,THA
278,Charmander,First Impact GX Starter Deck,014/140,IND
279,Charmander,Burning Shadows,18a/147,ENG
280,ฮิโตคาเงะ,First Impact Set A,036/150,THA
281,Charmander,First Impact Set A,036/150,IND
282,Charmander,SM-P Promotional cards,015/SM-P,IND
283,小火龍,Dreams Come True Collection Set B,002/200,TCHI
284,ฮิโตคาเงะ,Hidden Shadow Set A,042/183,THA
285,Charmander,Hidden Shadow Set A,042/183,IND
286,Charmander,Hidden Shadow GX Starter Deck,017/146,IND
287,Salamèche,McDonald's Collection 2019,9/40,FRE
288,Salamèche,McDonald's Collection 2019,9/40,FRE
291,Salamèche,Hidden Fates,SV6/SV94,FRE
292,Charmander,Hidden Fates,SV6/SV94,ITA
293,Charmander,Hidden Fates,SV6/SV94,SPA
294,Charmander,Hidden Fates,SV6/SV94,POR
295,小火龍,Dreams Come True Collection Set B,204/200,TCHI
322,Salamèche,Detective Pikachu,4/18,FRE
326,ヒトカゲ,Great Detective Pikachu,005/024,JPN
327,파이리,Detective Pikachu,004/018,KOR
328,파이리,Detective Pikachu,004/018,KOR
331,Salamèche,Hidden Fates,7/68,FRE
332,Charmander,Hidden Fates,7/68,ITA
333,Charmander,Hidden Fates,7/68,SPA
334,Charmander,Hidden Fates,7/68,POR
335,ヒトカゲ,Family Pokémon Card Game,007/051,JPN
336,파이리,Family Pokémon Card Game,007/051,KOR
339,Salamèche,Hidden Fates,7/68,FRE
340,Charmander,Hidden Fates,7/68,ITA
341,Charmander,Hidden Fates,7/68,SPA
342,Charmander,Hidden Fates,7/68,POR
343,파이리,Random Half Deck,009/080,KOR
360,小火龍,Double Burst Set B,003/186,TCHI
361,ฮิโตคาเงะ,Double Burst Set B,003/186,THA
362,小火龍,Double Burst GX Starter Deck,013/169,TCHI
363,ฮิโตคาเงะ,Double Burst GX Starter Deck,013/169,THA
364,Charmander,Tag Team Collection GX Starter Deck,019/172,IND
365,小火龍,Double Burst Set B,004/186,TCHI
366,ฮิโตคาเงะ,Double Burst Set B,004/186,THA
373,ヒトカゲ,Amazing Volt Tackle,010/100,JPN
374,파이리,Amazing Volt Tackle,010/100,KOR
375,小火龍,Amazing Volt Tackle,010/100,TCHI
382,ヒトカゲ,S-P Promotional Cards,112/S-P,JPN
383,파이리,S-P Promotional Cards,066/S-P,KOR
384,小火龍,S-P Promotional Cards,029/S-P,TCHI
385,Charmander,Kanto First Partners Pack,58/102,ENG
386,Glumanda,Kanto First Partners Pack,58/102,GER
387,Salamèche,Kanto First Partners Pack,58/102,FRE
388,Charmander,Kanto First Partners Pack,58/102,ITA
389,Charmander,Kanto First Partners Pack,58/102,POR
390,ヒトカゲ,World Champions Pack,006/108,JPN
391,Charmander,McDonald's Collection 2021,9/25,ENG
392,Glumanda,McDonald's Collection 2021,9/25,GER
393,Salamèche,McDonald's Collection 2021,9/25,FRE
394,Charmander,McDonald's Collection 2021,9/25,ITA
395,Charmander,McDonald's Collection 2021,9/25,SPA
396,Charmander,McDonald's Collection 2021,9/25,POR
397,Charmander,McDonald's Collection 2021,9/25,ENG
398,Glumanda,McDonald's Collection 2021,9/25,GER
399,Salamèche,McDonald's Collection 2021,9/25,FRE
400,Charmander,McDonald's Collection 2021,9/25,ITA
401,Charmander,McDonald's Collection 2021,9/25,SPA
402,Charmander,McDonald's Collection 2021,9/25,POR
403,ฮิโตคาเงะ,Shiny VMAX Collection Set A,001/159,THA
404,Charmander,Shiny VMAX Collection Set A,001/159,IND
406,Charmander,S-P Promotional Cards,088/S-P,IND
407,ヒトカゲ,VMAX Climax,015/184,JPN
408,파이리,VMAX Climax,015/184,KOR
409,小火龍,VMAX Climax,015/184,TCHI
410,ฮิโตคาเงะ,VMAX Climax,015/184,THA
411,Charmander,VMAX Climax,015/184,IND
412,ヒトカゲ,VMAX Climax,015/184,JPN
413,파이리,VMAX Climax,015/184,KOR
414,小火龍,VMAX Climax,015/184,TCHI
415,ฮิโตคาเงะ,VMAX Climax,015/184,THA
416,Charmander,VMAX Climax,015/184,IND
417,Charmander,Sword & Shield Promotional Cards,SWSH092,ENG
418,Charmander,Sword & Shield Promotional Cards,SWSH092,POR
419,小火龙,Storming Emergence GX Starter Deck,028/324,SCHI
420,小火龙,Storming Emergence Set A,002/151,SCHI
421,小火龙,Storming Emergence Set A,002/151,SCHI
422,小火龙,Storming Emergence Set A,153/151,SCHI
429,ヒトカゲ,Pokémon Go,008/071,JPN
430,파이리,Pokémon Go,008/071,KOR
432,ฮิโตคาเงะ,Pokémon Go,008/071,THA
433,Charmander,Pokémon Go,008/071,IND
440,Charmander,Sword & Shield Promotional Cards,SWSH232,ENG
441,Glumanda,Sword & Shield Promotional Cards,SWSH232,GER
442,Salamèche,Sword & Shield Promotional Cards,SWSH232,FRE
443,Charmander,Sword & Shield Promotional Cards,SWSH232,ITA
444,Charmander,Sword & Shield Promotional Cards,SWSH232,SPA
445,Charmander,Sword & Shield Promotional Cards,SWSH232,POR
446,ヒトカゲ,S-P Promotional Cards,289/S-P,JPN
447,파이리,S-P Promotional Cards,163/S-P,KOR
448,小火龍,S-P Promotional Cards,183/S-P,TCHI
449,ฮิโตคาเงะ,S-P Promotional Cards,111/S-P,THA
450,Charmander,S-P Promotional Cards,311/S-P,IND
451,Charmander,Pokemon Trading Card Game Classic,001/034,ENG
452,ヒトカゲ,Pokemon Card Game Classic,001/032,JPN
453,파이리,Pokemon Card Game Classic,001/032,KOR
454,小火龍,Pokemon Card Game Classic,001/032,TCHI
455,小火龙,Battle Party Set Deck B,002/025,SCHI
456,小火龙,Battle Party Set Deck B,002/025,SCHI
457,小火龙,Shining Synergy Set C,002/150,SCHI
458,小火龙,Shining Synergy Set C,002/150,SCHI
459,小火龙,Vivid Portrayals Set A,027/115,SCHI
460,小火龙,Vivid Portrayals Set A,027/115,SCHI
461,小火龙,S-P Promotional Cards,040/S-P,SCHI
469,파이리,Pokémon Card 151,004/165,KOR
470,小火龍,Pokémon Card 151,004/165,TCHI
471,ฮิโตคาเงะ,Pokémon Card 151,004/165,THA
472,Charmander,Pokémon Card 151,004/165,IND
480,파이리,Pokémon Card 151,004/165,KOR
481,小火龍,Pokémon Card 151,004/165,TCHI
483,파이리,Pokémon Card 151,004/165,KOR
484,小火龍,Pokémon Card 151,004/165,TCHI
495,Charmander,151,004/165,FRE
496,ヒトカゲ,Shiny Treasure ex,025/190,JPN
497,小火龍,Shiny Treasure ex,025/190,TCHI
498,ヒトカゲ,Shiny Treasure ex,025/190,JPN
499,小火龍,Shiny Treasure ex,025/190,TCHI
500,ฮิโตคาเงะ,SV-P Promotional Cards,066/SV-P,THA
508,파이리,Pokémon Card 151,168/165,KOR
509,小火龍,Pokémon Card 151,168/165,TCHI
510,ฮิโตคาเงะ,Pokémon Card 151,168/165,THA
511,Charmander,Pokémon Card 151,168/165,IND
512,ヒトカゲ,Shiny Treasure ex,210/190,JPN
513,小火龍,Shiny Treasure ex,210/190,TCHI
514,Charmander,SVP Promotional Cards,047,ENG
515,Glumanda,SVP Promotional Cards,047,GER
516,Salamèche,SVP Promotional Cards,047,FRE
517,Charmander,SVP Promotional Cards,047,ITA
518,Charmander,SVP Promotional Cards,047,SPA
519,Charmander,SVP Promotional Cards,047,POR
520,ヒトカゲ,SV-P Promotional Cards,060/SV-P,JPN
521,파이리,SV-P Promotional Cards,040/SV-P,KOR
522,ฮิโตคาเงะ,SVP Promotional Cards,035/SV-P,THA
523,Charmander,Obsidian Flame,026/197,ENG
524,Glumanda,Obsidian Flame,026/197,GER
525,Salamèche,Obsidian Flame,026/197,FRE
526,Charmander,Obsidian Flame,026/197,ITA
527,Charmander,Obsidian Flame,026/197,SPA
528,Charmander,Obsidian Flame,026/197,POR
529,ヒトカゲ,Ruler of the Black Flame,012/108,JPN
530,파이리,Ruler of the Black Flame,012/108,KOR
531,小火龍,Ruler of the Black Flame,012/108,TCHI
533,Charmander,Black Shine,013/170,IND
534,Charmander,Obsidian Flame,026/197,ENG
535,Glumanda,Obsidian Flame,026/197,GER
536,Salamèche,Obsidian Flame,026/197,FRE
537,Charmander,Obsidian Flame,026/197,ITA
538,Charmander,Obsidian Flame,026/197,SPA
539,Charmander,Obsidian Flame,026/197,POR
540,Charmander,Obsidian Flame,026/197,ENG
541,Glumanda,Obsidian Flame,026/197,GER
542,Salamèche,Obsidian Flame,026/197,FRE
543,Charmander,Obsidian Flame,026/197,ITA
544,Charmander,Obsidian Flame,026/197,SPA
545,Charmander,Obsidian Flame,026/197,POR
546,ヒトカゲ,Charizard Special Deck Set ex,007/049,JPN
547,파이리,Charizard Special Deck Set ex,007/049,KOR
549,Charmander,ex Compact Deck,015/163,IND
550,Charmander,SVP Promotional Cards,044,ENG
551,Glumanda,SVP Promotional Cards,044,GER
552,Salamèche,SVP Promotional Cards,044,FRE
553,Charmander,SVP Promotional Cards,044,ITA
554,Charmander,SVP Promotional Cards,044,SPA
555,Charmander,SVP Promotional Cards,044,POR
556,ヒトカゲ,Charizard Special Deck Set ex,051/049,JPN
557,파이리,Charizard Special Deck Set ex,051/049,KOR
558,Charmander,SVP Promotional Cards,044,ENG
559,Charmander,My First Battle,-,ENG
560,Glumanda,My First Battle,-,GER
561,Salamèche,My First Battle,-,FRE
562,Charmander,My First Battle,-,ITA
563,Charmander,My First Battle,-,SPA
564,Charmander,My First Battle,-,POR
565,Charmander,My First Battle,-,ENG
566,Glumanda,My First Battle,-,GER
567,Salamèche,My First Battle,-,FRE
568,Charmander,My First Battle,-,ITA
569,Charmander,My First Battle,-,SPA
570,Charmander,My First Battle,-,POR
571,小火龙,Brave Stars Set A,001/127,SCHI
572,小火龙,Brave Stars Set A,001/127,SCHI
579,파이리,Shiny Treasure ex,025/190,KOR
580,ฮิโตคาเงะ,Shiny Treasure ex,025/190,THA
581,Charmander,Shiny Treasure ex,025/190,IND
588,파이리,Shiny Treasure ex,025/190,KOR
589,ฮิโตคาเงะ,Shiny Treasure ex,025/190,THA
590,Charmander,Shiny Treasure ex,025/190,IND
591,ヒトカゲ,Battle Master Deck Terastal Charizard ex,001/021,JPN
592,파이리,Battle Master Deck Terastal Charizard ex,001/021,KOR
593,小火龍,Tactics Deck Terastal Charizard ex,001/021,TCHI
594,ฮิโตคาเงะ,Tactics Deck Terastal Charizard ex,001/021,THA
595,Charmander,Tactics Deck Terastal Charizard ex,001/021,IND
596,ฮิโตคาเงะ,SV-P Promotional Cards,180/SV-P,THA
597,Charmander,SV-P Promotional Cards,059/SV-P,IND
598,Charmander,SV-P Promotional Cards,115/SV-P,IND
599,Charmander,SV-P Promotional Cards,115/SV-P,IND
600,Charmander,SV-P Promotional Cards,203/SV-P,IND
607,파이리,Shiny Treasure ex,210/190,KOR
608,ฮิโตคาเงะ,Shiny Treasure ex,210/190,THA
609,Charmander,Shiny Treasure ex,210/190,IND
610,Charmander,SVP Promotional Cards,060/SV-P,IND
611,小火龍,SV-P Promotional Cards,071/SV-P,TCHI
612,ฮิโตคาเงะ,SV-P Promotional Cards,102/SV-P,THA
613,Charmander,SV-P Promotional Cards,093/SV-P,IND
614,小火龙,Collect 151 Journey,004/151,SCHI
615,小火龙,Collect 151 Journey,004/151,SCHI
616,小火龙,Collect 151 Journey,004/151,SCHI
623,파이리,SV-P Promotional Cards,161/SV-P,KOR
624,小火龍,SV-P Promotional Cards,232/SV-P,TCHI
625,小火龙,Battle Party Dream,012/177,SCHI
626,小火龙,Adventure Special Pack,090/049,SCHI
627,小火龙,Collect 151 Journey,152/151,SCHI
628,小火龙,SV-P Promotional Cards,067/SV-P,SCHI
629,小火龙,SV-P Promotional Cards,070/SV-P,SCHI
630,小火龙,Ardent Obsidian,014/129,SCHI
631,小火龙,Ardent Obsidian,014/129,SCHI
632,小火龙,Ardent Obsidian,014/129,SCHI
633,小火龍,Charizard ex Starter Deck,001/022,TCHI
634,小火龍,SV-P Promotional Cards,242/SV-P,TCHI
635,Charmander,SV-P Promotional Cards,282/SV-P,IND
636,小火龙,SV-P Promotional Cards,098/SV-P,SCHI
644,ヒトカゲ,Inferno X,011/080,JPN
645,파이리,Inferno X,011/080,KOR
646,小火龍,Inferno X,011/080,TCHI
647,ฮิโตคาเงะ,Blue Blaze,011/103,THA
648,Charmander,Blue Blaze,011/103,IND
656,小火龍,M-P Promotional cards,020/M-P,TCHI
657,ฮิโตคาเงะ,M-P Promotional cards,039/M-P,THA
658,Charmander,M-P Promotional cards,026/M-P,IND
659,ヒトカゲ,Start Deck 100 Battle Collection,083/742,JPN
660,小火龍,Start Deck 100 Battle Collection,083/742,TCHI
661,파이리,Start Deck 100 Battle Collection,083/742,JPN
662,小火龍,Start Deck 100 Battle Collection,083/742,TCHI
663,小火龙,Charizard ex Master Strategy Deck,001/033,SCHI
685,파이리,Start Deck 100 Battle Collection,083/742,KOR
686,ฮิโตคาเงะ,Void Blast,023/123,THA
687,Charmander,Void Blast,023/123,IND
702,ヒトカゲ,Start Deck 100 Battle Collection,083/742,KOR
710,ฮิโตคาเงะ,M-P Promotional cards,059/M-P,THA
711,Charmander,M-P Promotional cards,071/M-P,IND
712,Charmander,M-P Promotional cards,089/M-P,IND
713,Charmander,MEP Promotional Cards,038,ENG
714,Glumanda,MEP Promotional Cards,038,GER
715,Salamèche,MEP Promotional Cards,038,FRE
716,Charmander,MEP Promotional Cards,038,ITA
717,Charmander,MEP Promotional Cards,038,SPA
718,Charmander,MEP Promotional Cards,038,LAT
719,Charmander,MEP Promotional Cards,038,POR
720,ヒトカゲ,MEP Promotional Cards,102/M-P,JPN
721,小火龙,30th Anniversary Promotional Cards,002/30th-P,SCHI
